CustomerID,CustomerName,Location,JoinDate,LoyaltyPoints,Year,Month
CUST00001,Customer_1,Kolkata,2021-12-06,1656,2021,December
CUST00002,Customer_2,Ahmedabad,2020-06-24,4887,2020,June
CUST00003,Customer_3,Ahmedabad,2022-05-18,3330,2022,May
CUST00004,Customer_4,Bangalore,2022-06-19,603,2022,June
CUST00005,Customer_5,Kolkata,2022-01-20,2495,2022,January
CUST00006,Customer_6,Hyderabad,2020-11-23,4472,2020,November
CUST00007,Customer_7,Kolkata,2022-09-30,4734,2022,September
CUST00008,Customer_8,Hyderabad,2021-08-24,1615,2021,August
CUST00009,Customer_9,Bangalore,2020-01-07,1958,2020,January
CUST00010,Customer_10,Delhi,2021-01-04,4116,2021,January
CUST00011,Customer_11,Chennai,2020-03-30,4177,2020,March
CUST00012,Customer_12,Bangalore,2020-10-17,1479,2020,October
CUST00013,Customer_13,Delhi,2022-03-24,2123,2022,March
CUST00014,Customer_14,Hyderabad,2021-01-22,1693,2021,January
CUST00015,Customer_15,Kolkata,2020-08-21,2567,2020,August
CUST00016,Customer_16,Mumbai,2023-05-25,1177,2023,May
CUST00017,Customer_17,Kolkata,2022-09-01,3312,2022,September
CUST00018,Customer_18,Delhi,2022-09-23,2728,2022,September
CUST00019,Customer_19,Ahmedabad,2021-08-22,582,2021,August
CUST00020,Customer_20,Hyderabad,2023-08-10,881,2023,August
CUST00021,Customer_21,Kolkata,2024-01-23,741,2024,January
CUST00022,Customer_22,Hyderabad,2023-08-11,1041,2023,August
CUST00023,Customer_23,Ahmedabad,2021-05-10,2956,2021,May
CUST00024,Customer_24,Chennai,2023-10-17,1504,2023,October
CUST00025,Customer_25,Hyderabad,2022-01-02,2527,2022,January
CUST00026,Customer_26,Hyderabad,2021-03-11,1131,2021,March
CUST00027,Customer_27,Bangalore,2021-05-24,279,2021,May
CUST00028,Customer_28,Chennai,2020-12-09,2830,2020,December
CUST00029,Customer_29,Pune,2022-06-30,1376,2022,June
CUST00030,Customer_30,Delhi,2023-02-24,1451,2023,February
CUST00031,Customer_31,Kolkata,2022-05-13,1332,2022,May
CUST00032,Customer_32,Chennai,2023-10-04,455,2023,October
CUST00033,Customer_33,Delhi,2021-11-17,913,2021,November
CUST00034,Customer_34,Mumbai,2023-05-01,1056,2023,May
CUST00035,Customer_35,Bangalore,2021-01-06,4113,2021,January
CUST00036,Customer_36,Chennai,2022-11-18,1400,2022,November
CUST00037,Customer_37,Ahmedabad,2022-02-15,2380,2022,February
CUST00038,Customer_38,Ahmedabad,2023-07-02,2456,2023,July
CUST00039,Customer_39,Delhi,2023-05-26,1876,2023,May
CUST00040,Customer_40,Bangalore,2023-08-06,1823,2023,August
CUST00041,Customer_41,Bangalore,2021-08-29,3475,2021,August
CUST00042,Customer_42,Delhi,2021-03-03,2888,2021,March
CUST00043,Customer_43,Delhi,2020-09-04,1426,2020,September
CUST00044,Customer_44,Ahmedabad,2020-01-29,1335,2020,January
CUST00045,Customer_45,Ahmedabad,2023-12-28,2376,2023,December
CUST00046,Customer_46,Mumbai,2020-01-24,1123,2020,January
CUST00047,Customer_47,Bangalore,2020-11-15,4750,2020,November
CUST00048,Customer_48,Kolkata,2021-09-19,538,2021,September
CUST00049,Customer_49,Delhi,2023-04-17,2814,2023,April
CUST00050,Customer_50,Chennai,2021-04-15,2167,2021,April
CUST00051,Customer_51,Kolkata,2022-12-16,2923,2022,December
CUST00052,Customer_52,Kolkata,2021-08-28,225,2021,August
CUST00053,Customer_53,Hyderabad,2020-02-25,379,2020,February
CUST00054,Customer_54,Pune,2020-04-24,4210,2020,April
CUST00055,Customer_55,Delhi,2023-02-18,4788,2023,February
CUST00056,Customer_56,Kolkata,2022-11-18,3616,2022,November
CUST00057,Customer_57,Hyderabad,2020-06-02,2396,2020,June
CUST00058,Customer_58,Mumbai,2023-06-07,1179,2023,June
CUST00059,Customer_59,Hyderabad,2023-05-21,4926,2023,May
CUST00060,Customer_60,Hyderabad,2021-05-06,3870,2021,May
CUST00061,Customer_61,Ahmedabad,2022-09-11,2892,2022,September
CUST00062,Customer_62,Bangalore,2023-09-07,2518,2023,September
CUST00063,Customer_63,Mumbai,2023-12-18,2415,2023,December
CUST00064,Customer_64,Mumbai,2021-02-23,428,2021,February
CUST00065,Customer_65,Hyderabad,2020-12-17,4403,2020,December
CUST00066,Customer_66,Chennai,2020-08-07,3308,2020,August
CUST00067,Customer_67,Bangalore,2021-05-06,2792,2021,May
CUST00068,Customer_68,Pune,2021-12-30,982,2021,December
CUST00069,Customer_69,Delhi,2021-12-25,1816,2021,December
CUST00070,Customer_70,Bangalore,2022-06-23,3276,2022,June
CUST00071,Customer_71,Mumbai,2023-01-18,2295,2023,January
CUST00072,Customer_72,Kolkata,2020-03-21,2251,2020,March
CUST00073,Customer_73,Hyderabad,2021-08-10,3348,2021,August
CUST00074,Customer_74,Bangalore,2023-03-29,4495,2023,March
CUST00075,Customer_75,Chennai,2024-01-13,4978,2024,January
CUST00076,Customer_76,Bangalore,2023-07-22,1626,2023,July
CUST00077,Customer_77,Chennai,2022-11-24,2654,2022,November
CUST00078,Customer_78,Ahmedabad,2022-05-02,1071,2022,May
CUST00079,Customer_79,Delhi,2022-06-18,3774,2022,June
CUST00080,Customer_80,Ahmedabad,2023-11-21,2395,2023,November
CUST00081,Customer_81,Mumbai,2020-04-02,78,2020,April
CUST00082,Customer_82,Hyderabad,2020-06-16,106,2020,June
CUST00083,Customer_83,Kolkata,2020-03-20,3351,2020,March
CUST00084,Customer_84,Delhi,2022-07-18,1245,2022,July
CUST00085,Customer_85,Kolkata,2021-05-01,290,2021,May
CUST00086,Customer_86,Pune,2023-03-11,2838,2023,March
CUST00087,Customer_87,Kolkata,2021-10-12,20,2021,October
CUST00088,Customer_88,Ahmedabad,2023-11-14,4447,2023,November
CUST00089,Customer_89,Mumbai,2022-08-26,3637,2022,August
CUST00090,Customer_90,Mumbai,2022-07-14,4578,2022,July
CUST00091,Customer_91,Mumbai,2022-12-22,4926,2022,December
CUST00092,Customer_92,Pune,2022-03-23,3655,2022,March
CUST00093,Customer_93,Bangalore,2020-08-15,3899,2020,August
CUST00094,Customer_94,Bangalore,2023-12-16,4211,2023,December
CUST00095,Customer_95,Ahmedabad,2022-04-20,3311,2022,April
CUST00096,Customer_96,Kolkata,2021-10-20,136,2021,October
CUST00097,Customer_97,Kolkata,2023-03-05,3466,2023,March
CUST00098,Customer_98,Kolkata,2021-12-03,1580,2021,December
CUST00099,Customer_99,Kolkata,2022-01-06,3035,2022,January
CUST00100,Customer_100,Delhi,2023-04-21,235,2023,April
CUST00101,Customer_101,Delhi,2020-02-17,363,2020,February
CUST00102,Customer_102,Hyderabad,2020-12-04,483,2020,December
CUST00103,Customer_103,Delhi,2022-03-15,1761,2022,March
CUST00104,Customer_104,Chennai,2023-06-08,202,2023,June
CUST00105,Customer_105,Kolkata,2022-10-18,1979,2022,October
CUST00106,Customer_106,Bangalore,2024-01-28,1664,2024,January
CUST00107,Customer_107,Delhi,2023-08-24,2153,2023,August
CUST00108,Customer_108,Hyderabad,2021-02-10,3789,2021,February
CUST00109,Customer_109,Bangalore,2021-08-01,2177,2021,August
CUST00110,Customer_110,Bangalore,2020-12-30,1251,2020,December
CUST00111,Customer_111,Pune,2020-03-31,3975,2020,March
CUST00112,Customer_112,Mumbai,2020-12-28,2924,2020,December
CUST00113,Customer_113,Pune,2021-01-06,2368,2021,January
CUST00114,Customer_114,Delhi,2022-01-06,4980,2022,January
CUST00115,Customer_115,Kolkata,2023-12-01,1064,2023,December
CUST00116,Customer_116,Kolkata,2021-03-07,1404,2021,March
CUST00117,Customer_117,Kolkata,2021-05-15,1349,2021,May
CUST00118,Customer_118,Mumbai,2020-01-27,1429,2020,January
CUST00119,Customer_119,Ahmedabad,2021-05-30,3861,2021,May
CUST00120,Customer_120,Ahmedabad,2022-01-30,2780,2022,January
CUST00121,Customer_121,Delhi,2022-01-27,4441,2022,January
CUST00122,Customer_122,Hyderabad,2021-02-23,3584,2021,February
CUST00123,Customer_123,Mumbai,2022-01-22,3322,2022,January
CUST00124,Customer_124,Ahmedabad,2021-04-12,3705,2021,April
CUST00125,Customer_125,Chennai,2021-03-18,4436,2021,March
CUST00126,Customer_126,Kolkata,2022-06-19,1826,2022,June
CUST00127,Customer_127,Hyderabad,2022-10-28,322,2022,October
CUST00128,Customer_128,Pune,2024-01-05,2998,2024,January
CUST00129,Customer_129,Mumbai,2023-11-22,532,2023,November
CUST00130,Customer_130,Bangalore,2024-01-24,452,2024,January
CUST00131,Customer_131,Ahmedabad,2022-09-15,1724,2022,September
CUST00132,Customer_132,Chennai,2022-03-21,3130,2022,March
CUST00133,Customer_133,Ahmedabad,2021-04-29,3648,2021,April
CUST00134,Customer_134,Ahmedabad,2023-08-11,3316,2023,August
CUST00135,Customer_135,Hyderabad,2023-11-02,4316,2023,November
CUST00136,Customer_136,Chennai,2022-02-26,2298,2022,February
CUST00137,Customer_137,Kolkata,2023-11-20,4512,2023,November
CUST00138,Customer_138,Pune,2022-01-09,4453,2022,January
CUST00139,Customer_139,Hyderabad,2023-10-30,4016,2023,October
CUST00140,Customer_140,Hyderabad,2022-04-29,2351,2022,April
CUST00141,Customer_141,Delhi,2023-11-13,2788,2023,November
CUST00142,Customer_142,Ahmedabad,2022-07-18,3906,2022,July
CUST00143,Customer_143,Mumbai,2020-05-19,1946,2020,May
CUST00144,Customer_144,Mumbai,2020-03-23,3388,2020,March
CUST00145,Customer_145,Mumbai,2020-09-26,953,2020,September
CUST00146,Customer_146,Pune,2022-05-19,4656,2022,May
CUST00147,Customer_147,Bangalore,2021-07-23,4704,2021,July
CUST00148,Customer_148,Mumbai,2022-06-24,3578,2022,June
CUST00149,Customer_149,Mumbai,2023-05-29,4758,2023,May
CUST00150,Customer_150,Delhi,2021-08-16,3855,2021,August
CUST00151,Customer_151,Delhi,2020-04-05,1306,2020,April
CUST00152,Customer_152,Delhi,2020-12-17,4062,2020,December
CUST00153,Customer_153,Hyderabad,2023-11-19,1964,2023,November
CUST00154,Customer_154,Pune,2020-05-02,491,2020,May
CUST00155,Customer_155,Bangalore,2023-06-21,3400,2023,June
CUST00156,Customer_156,Bangalore,2023-04-21,116,2023,April
CUST00157,Customer_157,Chennai,2023-04-07,1458,2023,April
CUST00158,Customer_158,Pune,2020-04-25,535,2020,April
CUST00159,Customer_159,Mumbai,2020-10-13,282,2020,October
CUST00160,Customer_160,Kolkata,2022-06-26,1066,2022,June
CUST00161,Customer_161,Pune,2021-08-02,3415,2021,August
CUST00162,Customer_162,Pune,2022-08-05,3110,2022,August
CUST00163,Customer_163,Bangalore,2023-07-03,3151,2023,July
CUST00164,Customer_164,Hyderabad,2020-04-01,2886,2020,April
CUST00165,Customer_165,Mumbai,2020-12-11,145,2020,December
CUST00166,Customer_166,Bangalore,2023-03-10,4361,2023,March
CUST00167,Customer_167,Kolkata,2021-06-09,2779,2021,June
CUST00168,Customer_168,Delhi,2023-06-02,4791,2023,June
CUST00169,Customer_169,Pune,2024-01-21,3862,2024,January
CUST00170,Customer_170,Kolkata,2023-03-20,610,2023,March
CUST00171,Customer_171,Pune,2022-06-18,4027,2022,June
CUST00172,Customer_172,Delhi,2021-03-12,4569,2021,March
CUST00173,Customer_173,Chennai,2022-10-20,3314,2022,October
CUST00174,Customer_174,Ahmedabad,2020-09-29,1053,2020,September
CUST00175,Customer_175,Hyderabad,2023-10-08,4,2023,October
CUST00176,Customer_176,Chennai,2023-02-27,3349,2023,February
CUST00177,Customer_177,Kolkata,2023-09-16,4093,2023,September
CUST00178,Customer_178,Hyderabad,2021-12-23,3099,2021,December
CUST00179,Customer_179,Pune,2023-01-26,3530,2023,January
CUST00180,Customer_180,Delhi,2023-07-24,368,2023,July
CUST00181,Customer_181,Bangalore,2020-08-28,2274,2020,August
CUST00182,Customer_182,Mumbai,2020-02-27,1988,2020,February
CUST00183,Customer_183,Delhi,2022-02-27,2407,2022,February
CUST00184,Customer_184,Bangalore,2021-09-17,3696,2021,September
CUST00185,Customer_185,Pune,2021-06-15,3880,2021,June
CUST00186,Customer_186,Bangalore,2020-06-30,431,2020,June
CUST00187,Customer_187,Bangalore,2021-05-10,4423,2021,May
CUST00188,Customer_188,Bangalore,2020-02-22,1207,2020,February
CUST00189,Customer_189,Delhi,2023-06-04,133,2023,June
CUST00190,Customer_190,Mumbai,2022-05-05,2391,2022,May
CUST00191,Customer_191,Pune,2020-12-26,2054,2020,December
CUST00192,Customer_192,Pune,2022-11-06,2408,2022,November
CUST00193,Customer_193,Chennai,2022-02-18,854,2022,February
CUST00194,Customer_194,Delhi,2021-01-02,4265,2021,January
CUST00195,Customer_195,Delhi,2021-03-24,1554,2021,March
CUST00196,Customer_196,Kolkata,2021-07-01,198,2021,July
CUST00197,Customer_197,Hyderabad,2021-11-08,108,2021,November
CUST00198,Customer_198,Ahmedabad,2020-04-28,413,2020,April
CUST00199,Customer_199,Hyderabad,2020-07-06,1259,2020,July
CUST00200,Customer_200,Pune,2020-08-29,145,2020,August
CUST00201,Customer_201,Bangalore,2022-04-12,1740,2022,April
CUST00202,Customer_202,Chennai,2021-11-11,1110,2021,November
CUST00203,Customer_203,Chennai,2021-01-10,1310,2021,January
CUST00204,Customer_204,Chennai,2023-07-30,3525,2023,July
CUST00205,Customer_205,Kolkata,2022-04-01,1878,2022,April
CUST00206,Customer_206,Pune,2022-09-01,4315,2022,September
CUST00207,Customer_207,Kolkata,2020-03-18,4856,2020,March
CUST00208,Customer_208,Bangalore,2021-12-30,251,2021,December
CUST00209,Customer_209,Mumbai,2022-06-10,1808,2022,June
CUST00210,Customer_210,Hyderabad,2020-07-13,3089,2020,July
CUST00211,Customer_211,Mumbai,2023-07-04,2867,2023,July
CUST00212,Customer_212,Hyderabad,2024-01-31,877,2024,January
CUST00213,Customer_213,Chennai,2021-08-19,2759,2021,August
CUST00214,Customer_214,Ahmedabad,2024-01-13,3065,2024,January
CUST00215,Customer_215,Mumbai,2020-02-04,2120,2020,February
CUST00216,Customer_216,Ahmedabad,2022-07-23,1938,2022,July
CUST00217,Customer_217,Chennai,2023-03-25,2949,2023,March
CUST00218,Customer_218,Mumbai,2020-05-23,4393,2020,May
CUST00219,Customer_219,Chennai,2021-01-06,1994,2021,January
CUST00220,Customer_220,Delhi,2022-12-23,2784,2022,December
CUST00221,Customer_221,Chennai,2021-06-01,972,2021,June
CUST00222,Customer_222,Delhi,2023-07-03,4018,2023,July
CUST00223,Customer_223,Chennai,2022-02-23,3263,2022,February
CUST00224,Customer_224,Ahmedabad,2020-07-21,2319,2020,July
CUST00225,Customer_225,Pune,2023-10-17,2318,2023,October
CUST00226,Customer_226,Hyderabad,2020-11-18,2875,2020,November
CUST00227,Customer_227,Mumbai,2020-11-30,1470,2020,November
CUST00228,Customer_228,Kolkata,2021-04-16,324,2021,April
CUST00229,Customer_229,Delhi,2022-03-08,1148,2022,March
CUST00230,Customer_230,Chennai,2022-05-28,722,2022,May
CUST00231,Customer_231,Pune,2022-09-24,1311,2022,September
CUST00232,Customer_232,Hyderabad,2022-10-31,634,2022,October
CUST00233,Customer_233,Pune,2020-04-07,997,2020,April
CUST00234,Customer_234,Ahmedabad,2021-07-21,2084,2021,July
CUST00235,Customer_235,Chennai,2022-03-22,3699,2022,March
CUST00236,Customer_236,Kolkata,2022-08-05,4169,2022,August
CUST00237,Customer_237,Hyderabad,2021-07-04,107,2021,July
CUST00238,Customer_238,Hyderabad,2020-10-03,415,2020,October
CUST00239,Customer_239,Kolkata,2020-06-13,663,2020,June
CUST00240,Customer_240,Hyderabad,2021-03-12,3992,2021,March
CUST00241,Customer_241,Pune,2021-12-25,1471,2021,December
CUST00242,Customer_242,Delhi,2021-06-03,2597,2021,June
CUST00243,Customer_243,Delhi,2023-05-08,4367,2023,May
CUST00244,Customer_244,Pune,2022-05-31,1033,2022,May
CUST00245,Customer_245,Kolkata,2022-06-21,523,2022,June
CUST00246,Customer_246,Kolkata,2023-04-05,714,2023,April
CUST00247,Customer_247,Bangalore,2021-11-25,4100,2021,November
CUST00248,Customer_248,Pune,2021-01-09,1141,2021,January
CUST00249,Customer_249,Chennai,2024-01-10,4967,2024,January
CUST00250,Customer_250,Kolkata,2023-05-06,3391,2023,May
CUST00251,Customer_251,Hyderabad,2023-07-27,428,2023,July
CUST00252,Customer_252,Bangalore,2021-07-30,1848,2021,July
CUST00253,Customer_253,Pune,2021-07-11,4492,2021,July
CUST00254,Customer_254,Kolkata,2022-10-24,4641,2022,October
CUST00255,Customer_255,Hyderabad,2022-02-16,2495,2022,February
CUST00256,Customer_256,Pune,2022-08-07,1764,2022,August
CUST00257,Customer_257,Pune,2020-02-23,4310,2020,February
CUST00258,Customer_258,Delhi,2022-10-27,754,2022,October
CUST00259,Customer_259,Bangalore,2023-11-11,876,2023,November
CUST00260,Customer_260,Delhi,2022-06-30,2800,2022,June
CUST00261,Customer_261,Kolkata,2022-01-17,1511,2022,January
CUST00262,Customer_262,Delhi,2023-01-14,1013,2023,January
CUST00263,Customer_263,Bangalore,2022-09-25,905,2022,September
CUST00264,Customer_264,Delhi,2021-05-03,3776,2021,May
CUST00265,Customer_265,Mumbai,2021-07-10,2728,2021,July
CUST00266,Customer_266,Mumbai,2020-07-22,295,2020,July
CUST00267,Customer_267,Bangalore,2021-12-29,1322,2021,December
CUST00268,Customer_268,Chennai,2023-12-09,2199,2023,December
CUST00269,Customer_269,Chennai,2023-04-14,595,2023,April
CUST00270,Customer_270,Hyderabad,2021-11-22,3282,2021,November
CUST00271,Customer_271,Mumbai,2022-07-05,4960,2022,July
CUST00272,Customer_272,Bangalore,2020-09-24,2848,2020,September
CUST00273,Customer_273,Hyderabad,2020-02-04,63,2020,February
CUST00274,Customer_274,Bangalore,2021-10-09,4630,2021,October
CUST00275,Customer_275,Delhi,2021-08-11,365,2021,August
CUST00276,Customer_276,Hyderabad,2020-01-13,399,2020,January
CUST00277,Customer_277,Kolkata,2024-02-02,47,2024,February
CUST00278,Customer_278,Mumbai,2021-07-12,3340,2021,July
CUST00279,Customer_279,Hyderabad,2023-02-17,3653,2023,February
CUST00280,Customer_280,Kolkata,2021-10-29,4585,2021,October
CUST00281,Customer_281,Pune,2022-03-07,3576,2022,March
CUST00282,Customer_282,Hyderabad,2021-06-12,2573,2021,June
CUST00283,Customer_283,Chennai,2023-10-15,929,2023,October
CUST00284,Customer_284,Pune,2021-10-08,2060,2021,October
CUST00285,Customer_285,Chennai,2022-12-29,2589,2022,December
CUST00286,Customer_286,Kolkata,2023-09-05,1127,2023,September
CUST00287,Customer_287,Delhi,2023-09-23,764,2023,September
CUST00288,Customer_288,Chennai,2022-03-17,2245,2022,March
CUST00289,Customer_289,Hyderabad,2023-11-17,3155,2023,November
CUST00290,Customer_290,Hyderabad,2020-08-12,835,2020,August
CUST00291,Customer_291,Bangalore,2022-10-01,2578,2022,October
CUST00292,Customer_292,Delhi,2020-02-06,774,2020,February
CUST00293,Customer_293,Hyderabad,2023-02-28,4577,2023,February
CUST00294,Customer_294,Chennai,2020-06-29,4497,2020,June
CUST00295,Customer_295,Mumbai,2020-04-22,4311,2020,April
CUST00296,Customer_296,Pune,2021-10-14,3110,2021,October
CUST00297,Customer_297,Bangalore,2023-10-27,4899,2023,October
CUST00298,Customer_298,Bangalore,2021-04-26,84,2021,April
CUST00299,Customer_299,Ahmedabad,2022-06-22,3466,2022,June
CUST00300,Customer_300,Chennai,2022-03-23,992,2022,March
CUST00301,Customer_301,Bangalore,2022-06-04,2603,2022,June
CUST00302,Customer_302,Mumbai,2023-10-12,2717,2023,October
CUST00303,Customer_303,Chennai,2022-04-08,3921,2022,April
CUST00304,Customer_304,Ahmedabad,2023-02-17,2193,2023,February
CUST00305,Customer_305,Bangalore,2020-02-20,3538,2020,February
CUST00306,Customer_306,Delhi,2022-05-17,3415,2022,May
CUST00307,Customer_307,Bangalore,2024-01-09,3430,2024,January
CUST00308,Customer_308,Kolkata,2020-01-22,2790,2020,January
CUST00309,Customer_309,Hyderabad,2022-04-15,4631,2022,April
CUST00310,Customer_310,Chennai,2023-08-26,4683,2023,August
CUST00311,Customer_311,Pune,2021-04-17,1240,2021,April
CUST00312,Customer_312,Ahmedabad,2021-09-12,238,2021,September
CUST00313,Customer_313,Hyderabad,2021-08-02,3021,2021,August
CUST00314,Customer_314,Kolkata,2023-06-26,3647,2023,June
CUST00315,Customer_315,Delhi,2022-07-05,2657,2022,July
CUST00316,Customer_316,Mumbai,2022-07-08,258,2022,July
CUST00317,Customer_317,Ahmedabad,2021-06-22,286,2021,June
CUST00318,Customer_318,Delhi,2020-05-04,142,2020,May
CUST00319,Customer_319,Pune,2022-08-10,2584,2022,August
CUST00320,Customer_320,Pune,2023-12-07,2333,2023,December
CUST00321,Customer_321,Pune,2022-01-11,1639,2022,January
CUST00322,Customer_322,Pune,2021-05-05,1939,2021,May
CUST00323,Customer_323,Chennai,2021-05-14,1841,2021,May
CUST00324,Customer_324,Ahmedabad,2020-11-25,122,2020,November
CUST00325,Customer_325,Pune,2023-11-27,436,2023,November
CUST00326,Customer_326,Delhi,2022-03-27,1728,2022,March
CUST00327,Customer_327,Hyderabad,2020-06-20,3312,2020,June
CUST00328,Customer_328,Mumbai,2020-08-06,799,2020,August
CUST00329,Customer_329,Kolkata,2020-09-14,3005,2020,September
CUST00330,Customer_330,Pune,2023-08-12,1720,2023,August
CUST00331,Customer_331,Hyderabad,2022-04-27,1010,2022,April
CUST00332,Customer_332,Bangalore,2022-09-22,1878,2022,September
CUST00333,Customer_333,Mumbai,2022-08-01,1411,2022,August
CUST00334,Customer_334,Kolkata,2022-04-08,4464,2022,April
CUST00335,Customer_335,Kolkata,2022-03-25,3039,2022,March
CUST00336,Customer_336,Delhi,2020-07-25,4512,2020,July
CUST00337,Customer_337,Kolkata,2023-06-20,4983,2023,June
CUST00338,Customer_338,Ahmedabad,2020-01-08,2,2020,January
CUST00339,Customer_339,Bangalore,2022-07-26,2557,2022,July
CUST00340,Customer_340,Delhi,2021-11-20,1610,2021,November
CUST00341,Customer_341,Chennai,2023-10-19,4874,2023,October
CUST00342,Customer_342,Mumbai,2021-10-22,3940,2021,October
CUST00343,Customer_343,Bangalore,2022-02-14,4399,2022,February
CUST00344,Customer_344,Ahmedabad,2020-10-05,4692,2020,October
CUST00345,Customer_345,Delhi,2021-02-04,2107,2021,February
CUST00346,Customer_346,Mumbai,2023-11-08,3079,2023,November
CUST00347,Customer_347,Mumbai,2020-07-12,1197,2020,July
CUST00348,Customer_348,Bangalore,2021-07-16,4055,2021,July
CUST00349,Customer_349,Kolkata,2020-03-20,3292,2020,March
CUST00350,Customer_350,Kolkata,2022-06-18,4378,2022,June
CUST00351,Customer_351,Mumbai,2023-01-15,2239,2023,January
CUST00352,Customer_352,Delhi,2023-11-14,2122,2023,November
CUST00353,Customer_353,Chennai,2020-01-15,1997,2020,January
CUST00354,Customer_354,Mumbai,2021-09-20,335,2021,September
CUST00355,Customer_355,Hyderabad,2021-05-21,728,2021,May
CUST00356,Customer_356,Bangalore,2021-12-18,1416,2021,December
CUST00357,Customer_357,Bangalore,2022-04-24,2935,2022,April
CUST00358,Customer_358,Delhi,2023-10-27,4239,2023,October
CUST00359,Customer_359,Delhi,2022-01-20,1180,2022,January
CUST00360,Customer_360,Mumbai,2022-11-11,3028,2022,November
CUST00361,Customer_361,Pune,2020-07-06,4624,2020,July
CUST00362,Customer_362,Chennai,2020-04-11,2334,2020,April
CUST00363,Customer_363,Pune,2023-02-05,2146,2023,February
CUST00364,Customer_364,Kolkata,2023-02-10,2693,2023,February
CUST00365,Customer_365,Chennai,2023-11-16,2265,2023,November
CUST00366,Customer_366,Hyderabad,2022-10-22,3787,2022,October
CUST00367,Customer_367,Hyderabad,2021-02-26,838,2021,February
CUST00368,Customer_368,Hyderabad,2023-11-29,892,2023,November
CUST00369,Customer_369,Pune,2023-09-03,4475,2023,September
CUST00370,Customer_370,Ahmedabad,2020-02-10,3111,2020,February
CUST00371,Customer_371,Mumbai,2022-03-11,4332,2022,March
CUST00372,Customer_372,Chennai,2022-08-03,321,2022,August
CUST00373,Customer_373,Ahmedabad,2023-07-08,2983,2023,July
CUST00374,Customer_374,Bangalore,2023-03-18,2598,2023,March
CUST00375,Customer_375,Hyderabad,2020-12-08,1185,2020,December
CUST00376,Customer_376,Mumbai,2022-02-26,2692,2022,February
CUST00377,Customer_377,Bangalore,2023-02-19,3400,2023,February
CUST00378,Customer_378,Chennai,2021-06-14,2950,2021,June
CUST00379,Customer_379,Mumbai,2022-02-14,4541,2022,February
CUST00380,Customer_380,Pune,2020-07-20,4998,2020,July
CUST00381,Customer_381,Hyderabad,2023-11-09,4886,2023,November
CUST00382,Customer_382,Bangalore,2023-02-19,3917,2023,February
CUST00383,Customer_383,Bangalore,2021-01-12,4459,2021,January
CUST00384,Customer_384,Chennai,2022-05-23,808,2022,May
CUST00385,Customer_385,Bangalore,2023-10-12,836,2023,October
CUST00386,Customer_386,Ahmedabad,2023-02-02,4726,2023,February
CUST00387,Customer_387,Chennai,2022-09-05,4226,2022,September
CUST00388,Customer_388,Delhi,2020-04-23,757,2020,April
CUST00389,Customer_389,Pune,2023-01-12,3654,2023,January
CUST00390,Customer_390,Ahmedabad,2022-08-25,821,2022,August
CUST00391,Customer_391,Chennai,2024-02-07,2817,2024,February
CUST00392,Customer_392,Mumbai,2023-08-05,1504,2023,August
CUST00393,Customer_393,Mumbai,2020-11-17,383,2020,November
CUST00394,Customer_394,Hyderabad,2023-11-12,4352,2023,November
CUST00395,Customer_395,Kolkata,2021-02-04,3322,2021,February
CUST00396,Customer_396,Chennai,2021-03-24,1885,2021,March
CUST00397,Customer_397,Delhi,2022-05-10,2958,2022,May
CUST00398,Customer_398,Pune,2021-11-03,3377,2021,November
CUST00399,Customer_399,Bangalore,2023-12-10,4720,2023,December
CUST00400,Customer_400,Delhi,2020-05-22,2351,2020,May
CUST00401,Customer_401,Chennai,2024-01-08,298,2024,January
CUST00402,Customer_402,Pune,2023-09-19,2884,2023,September
CUST00403,Customer_403,Chennai,2023-04-20,574,2023,April
CUST00404,Customer_404,Ahmedabad,2022-08-19,2909,2022,August
CUST00405,Customer_405,Bangalore,2020-06-22,1677,2020,June
CUST00406,Customer_406,Bangalore,2020-11-19,4590,2020,November
CUST00407,Customer_407,Hyderabad,2022-09-18,942,2022,September
CUST00408,Customer_408,Bangalore,2022-03-11,2324,2022,March
CUST00409,Customer_409,Kolkata,2022-04-02,2820,2022,April
CUST00410,Customer_410,Delhi,2020-02-18,3956,2020,February
CUST00411,Customer_411,Bangalore,2023-12-13,3228,2023,December
CUST00412,Customer_412,Kolkata,2020-08-07,1510,2020,August
CUST00413,Customer_413,Bangalore,2023-12-18,4824,2023,December
CUST00414,Customer_414,Hyderabad,2022-05-02,945,2022,May
CUST00415,Customer_415,Chennai,2023-01-07,2510,2023,January
CUST00416,Customer_416,Kolkata,2023-10-30,3880,2023,October
CUST00417,Customer_417,Ahmedabad,2022-09-19,2910,2022,September
CUST00418,Customer_418,Ahmedabad,2021-01-31,479,2021,January
CUST00419,Customer_419,Hyderabad,2021-04-20,3024,2021,April
CUST00420,Customer_420,Bangalore,2021-04-25,1951,2021,April
CUST00421,Customer_421,Chennai,2023-07-09,967,2023,July
CUST00422,Customer_422,Mumbai,2023-06-15,3069,2023,June
CUST00423,Customer_423,Mumbai,2021-09-06,600,2021,September
CUST00424,Customer_424,Chennai,2023-08-26,151,2023,August
CUST00425,Customer_425,Pune,2020-01-24,2918,2020,January
CUST00426,Customer_426,Ahmedabad,2022-11-16,3553,2022,November
CUST00427,Customer_427,Ahmedabad,2022-10-20,79,2022,October
CUST00428,Customer_428,Pune,2023-09-08,4593,2023,September
CUST00429,Customer_429,Pune,2021-08-08,1236,2021,August
CUST00430,Customer_430,Delhi,2021-09-07,1000,2021,September
CUST00431,Customer_431,Kolkata,2020-06-18,2637,2020,June
CUST00432,Customer_432,Kolkata,2022-07-31,4103,2022,July
CUST00433,Customer_433,Delhi,2022-06-10,2142,2022,June
CUST00434,Customer_434,Mumbai,2021-04-08,845,2021,April
CUST00435,Customer_435,Bangalore,2022-01-02,324,2022,January
CUST00436,Customer_436,Ahmedabad,2022-06-03,2347,2022,June
CUST00437,Customer_437,Kolkata,2023-07-20,565,2023,July
CUST00438,Customer_438,Kolkata,2020-08-08,3334,2020,August
CUST00439,Customer_439,Kolkata,2020-09-04,4277,2020,September
CUST00440,Customer_440,Mumbai,2020-05-15,3338,2020,May
CUST00441,Customer_441,Bangalore,2022-07-14,2689,2022,July
CUST00442,Customer_442,Bangalore,2021-01-23,4104,2021,January
CUST00443,Customer_443,Mumbai,2023-08-16,639,2023,August
CUST00444,Customer_444,Hyderabad,2023-08-02,777,2023,August
CUST00445,Customer_445,Bangalore,2020-12-27,3642,2020,December
CUST00446,Customer_446,Pune,2021-06-20,1192,2021,June
CUST00447,Customer_447,Bangalore,2023-01-02,3740,2023,January
CUST00448,Customer_448,Chennai,2021-06-21,4408,2021,June
CUST00449,Customer_449,Delhi,2020-04-17,601,2020,April
CUST00450,Customer_450,Hyderabad,2021-11-03,2092,2021,November
CUST00451,Customer_451,Ahmedabad,2020-07-24,1185,2020,July
CUST00452,Customer_452,Pune,2021-09-24,2624,2021,September
CUST00453,Customer_453,Bangalore,2021-04-15,528,2021,April
CUST00454,Customer_454,Kolkata,2023-08-05,2337,2023,August
CUST00455,Customer_455,Bangalore,2023-10-21,2203,2023,October
CUST00456,Customer_456,Bangalore,2020-12-18,4533,2020,December
CUST00457,Customer_457,Bangalore,2023-07-22,4886,2023,July
CUST00458,Customer_458,Hyderabad,2021-08-24,4544,2021,August
CUST00459,Customer_459,Delhi,2022-03-02,2725,2022,March
CUST00460,Customer_460,Delhi,2023-12-26,549,2023,December
CUST00461,Customer_461,Chennai,2020-08-22,4386,2020,August
CUST00462,Customer_462,Bangalore,2020-04-03,87,2020,April
CUST00463,Customer_463,Hyderabad,2022-08-15,3944,2022,August
CUST00464,Customer_464,Mumbai,2021-09-28,3861,2021,September
CUST00465,Customer_465,Delhi,2022-06-24,2910,2022,June
CUST00466,Customer_466,Kolkata,2023-03-07,2267,2023,March
CUST00467,Customer_467,Delhi,2022-06-22,2284,2022,June
CUST00468,Customer_468,Ahmedabad,2020-06-11,1476,2020,June
CUST00469,Customer_469,Bangalore,2020-08-31,846,2020,August
CUST00470,Customer_470,Hyderabad,2023-09-17,3629,2023,September
CUST00471,Customer_471,Pune,2021-04-24,3460,2021,April
CUST00472,Customer_472,Bangalore,2020-03-27,3021,2020,March
CUST00473,Customer_473,Bangalore,2023-05-19,305,2023,May
CUST00474,Customer_474,Bangalore,2021-02-03,3909,2021,February
CUST00475,Customer_475,Kolkata,2024-01-13,2974,2024,January
CUST00476,Customer_476,Hyderabad,2022-02-01,1049,2022,February
CUST00477,Customer_477,Ahmedabad,2020-08-02,4502,2020,August
CUST00478,Customer_478,Chennai,2020-01-15,3473,2020,January
CUST00479,Customer_479,Delhi,2023-09-16,2726,2023,September
CUST00480,Customer_480,Kolkata,2023-03-23,1850,2023,March
CUST00481,Customer_481,Pune,2022-05-12,2087,2022,May
CUST00482,Customer_482,Mumbai,2021-08-14,2942,2021,August
CUST00483,Customer_483,Pune,2022-02-23,603,2022,February
CUST00484,Customer_484,Delhi,2023-08-16,4545,2023,August
CUST00485,Customer_485,Bangalore,2022-05-27,1331,2022,May
CUST00486,Customer_486,Ahmedabad,2022-10-14,2771,2022,October
CUST00487,Customer_487,Kolkata,2021-06-19,4533,2021,June
CUST00488,Customer_488,Bangalore,2022-07-03,2919,2022,July
CUST00489,Customer_489,Ahmedabad,2023-12-22,653,2023,December
CUST00490,Customer_490,Kolkata,2023-09-12,144,2023,September
CUST00491,Customer_491,Delhi,2022-11-29,4548,2022,November
CUST00492,Customer_492,Hyderabad,2021-09-29,4067,2021,September
CUST00493,Customer_493,Bangalore,2021-04-25,1738,2021,April
CUST00494,Customer_494,Pune,2023-06-08,668,2023,June
CUST00495,Customer_495,Delhi,2023-01-31,4556,2023,January
CUST00496,Customer_496,Hyderabad,2021-04-29,1595,2021,April
CUST00497,Customer_497,Bangalore,2023-07-26,3024,2023,July
CUST00498,Customer_498,Ahmedabad,2022-10-28,1477,2022,October
CUST00499,Customer_499,Pune,2023-03-20,2132,2023,March
CUST00500,Customer_500,Bangalore,2023-01-26,3854,2023,January
CUST00501,Customer_501,Kolkata,2022-12-19,3080,2022,December
CUST00502,Customer_502,Mumbai,2023-09-25,2873,2023,September
CUST00503,Customer_503,Ahmedabad,2021-03-06,2282,2021,March
CUST00504,Customer_504,Delhi,2021-02-08,1077,2021,February
CUST00505,Customer_505,Mumbai,2022-05-09,2936,2022,May
CUST00506,Customer_506,Bangalore,2020-08-02,1275,2020,August
CUST00507,Customer_507,Mumbai,2023-08-09,3943,2023,August
CUST00508,Customer_508,Hyderabad,2022-08-20,4551,2022,August
CUST00509,Customer_509,Chennai,2023-11-10,3076,2023,November
CUST00510,Customer_510,Chennai,2023-12-30,3944,2023,December
CUST00511,Customer_511,Chennai,2023-05-16,4815,2023,May
CUST00512,Customer_512,Hyderabad,2023-07-28,1175,2023,July
CUST00513,Customer_513,Mumbai,2023-07-10,4743,2023,July
CUST00514,Customer_514,Kolkata,2021-07-15,1615,2021,July
CUST00515,Customer_515,Kolkata,2020-04-15,4418,2020,April
CUST00516,Customer_516,Ahmedabad,2020-08-30,4736,2020,August
CUST00517,Customer_517,Mumbai,2023-12-28,4089,2023,December
CUST00518,Customer_518,Pune,2020-05-17,1236,2020,May
CUST00519,Customer_519,Chennai,2021-01-23,4560,2021,January
CUST00520,Customer_520,Pune,2022-01-31,1175,2022,January
CUST00521,Customer_521,Kolkata,2020-07-08,2197,2020,July
CUST00522,Customer_522,Pune,2023-09-22,1633,2023,September
CUST00523,Customer_523,Pune,2020-05-08,2193,2020,May
CUST00524,Customer_524,Kolkata,2022-05-18,912,2022,May
CUST00525,Customer_525,Delhi,2020-10-01,1519,2020,October
CUST00526,Customer_526,Mumbai,2021-07-22,977,2021,July
CUST00527,Customer_527,Chennai,2023-09-28,32,2023,September
CUST00528,Customer_528,Pune,2020-07-24,2037,2020,July
CUST00529,Customer_529,Bangalore,2020-06-18,1961,2020,June
CUST00530,Customer_530,Ahmedabad,2020-11-14,2917,2020,November
CUST00531,Customer_531,Pune,2020-04-24,4177,2020,April
CUST00532,Customer_532,Ahmedabad,2023-09-13,4593,2023,September
CUST00533,Customer_533,Chennai,2022-12-30,874,2022,December
CUST00534,Customer_534,Pune,2021-07-24,2446,2021,July
CUST00535,Customer_535,Pune,2022-08-03,230,2022,August
CUST00536,Customer_536,Kolkata,2020-01-28,1199,2020,January
CUST00537,Customer_537,Chennai,2020-04-26,536,2020,April
CUST00538,Customer_538,Kolkata,2023-08-03,644,2023,August
CUST00539,Customer_539,Bangalore,2021-05-09,1820,2021,May
CUST00540,Customer_540,Pune,2022-03-25,4920,2022,March
CUST00541,Customer_541,Mumbai,2022-10-07,3001,2022,October
CUST00542,Customer_542,Bangalore,2020-10-05,2826,2020,October
CUST00543,Customer_543,Hyderabad,2022-07-15,2236,2022,July
CUST00544,Customer_544,Hyderabad,2022-05-13,2386,2022,May
CUST00545,Customer_545,Chennai,2021-07-15,810,2021,July
CUST00546,Customer_546,Hyderabad,2020-01-31,1252,2020,January
CUST00547,Customer_547,Hyderabad,2023-05-14,1622,2023,May
CUST00548,Customer_548,Chennai,2021-12-03,1632,2021,December
CUST00549,Customer_549,Delhi,2020-10-26,3137,2020,October
CUST00550,Customer_550,Ahmedabad,2021-02-03,644,2021,February
CUST00551,Customer_551,Chennai,2022-11-17,2662,2022,November
CUST00552,Customer_552,Ahmedabad,2023-03-01,1617,2023,March
CUST00553,Customer_553,Pune,2023-05-08,2923,2023,May
CUST00554,Customer_554,Kolkata,2021-12-17,2207,2021,December
CUST00555,Customer_555,Kolkata,2024-01-25,2,2024,January
CUST00556,Customer_556,Kolkata,2020-01-26,1897,2020,January
CUST00557,Customer_557,Mumbai,2020-06-09,1449,2020,June
CUST00558,Customer_558,Hyderabad,2021-06-27,1888,2021,June
CUST00559,Customer_559,Kolkata,2021-11-20,2370,2021,November
CUST00560,Customer_560,Delhi,2020-12-31,4923,2020,December
CUST00561,Customer_561,Pune,2023-11-17,273,2023,November
CUST00562,Customer_562,Ahmedabad,2022-01-13,2239,2022,January
CUST00563,Customer_563,Bangalore,2021-05-24,2665,2021,May
CUST00564,Customer_564,Hyderabad,2022-09-18,3958,2022,September
CUST00565,Customer_565,Chennai,2020-05-22,822,2020,May
CUST00566,Customer_566,Ahmedabad,2020-08-25,714,2020,August
CUST00567,Customer_567,Pune,2023-09-30,3412,2023,September
CUST00568,Customer_568,Kolkata,2020-11-17,4136,2020,November
CUST00569,Customer_569,Pune,2024-02-08,4458,2024,February
CUST00570,Customer_570,Pune,2020-07-25,1980,2020,July
CUST00571,Customer_571,Hyderabad,2024-01-03,3911,2024,January
CUST00572,Customer_572,Chennai,2023-08-24,665,2023,August
CUST00573,Customer_573,Bangalore,2021-08-08,2416,2021,August
CUST00574,Customer_574,Bangalore,2023-12-18,1592,2023,December
CUST00575,Customer_575,Delhi,2020-03-15,3558,2020,March
CUST00576,Customer_576,Pune,2020-08-24,2805,2020,August
CUST00577,Customer_577,Mumbai,2020-05-16,3364,2020,May
CUST00578,Customer_578,Pune,2021-12-20,3706,2021,December
CUST00579,Customer_579,Kolkata,2021-02-05,2118,2021,February
CUST00580,Customer_580,Pune,2021-03-14,2397,2021,March
CUST00581,Customer_581,Hyderabad,2023-09-04,735,2023,September
CUST00582,Customer_582,Pune,2022-06-08,3226,2022,June
CUST00583,Customer_583,Delhi,2022-07-19,3080,2022,July
CUST00584,Customer_584,Chennai,2021-01-26,3606,2021,January
CUST00585,Customer_585,Bangalore,2022-10-11,1507,2022,October
CUST00586,Customer_586,Pune,2022-07-12,3949,2022,July
CUST00587,Customer_587,Mumbai,2021-09-04,621,2021,September
CUST00588,Customer_588,Pune,2021-11-16,193,2021,November
CUST00589,Customer_589,Bangalore,2020-11-16,3003,2020,November
CUST00590,Customer_590,Hyderabad,2020-09-15,4441,2020,September
CUST00591,Customer_591,Chennai,2022-03-29,2422,2022,March
CUST00592,Customer_592,Hyderabad,2020-09-24,2443,2020,September
CUST00593,Customer_593,Bangalore,2021-10-24,2397,2021,October
CUST00594,Customer_594,Kolkata,2022-09-14,4468,2022,September
CUST00595,Customer_595,Bangalore,2022-11-29,2053,2022,November
CUST00596,Customer_596,Kolkata,2020-06-23,4085,2020,June
CUST00597,Customer_597,Kolkata,2022-03-20,4311,2022,March
CUST00598,Customer_598,Delhi,2023-10-30,1788,2023,October
CUST00599,Customer_599,Hyderabad,2023-07-14,481,2023,July
CUST00600,Customer_600,Chennai,2020-08-03,994,2020,August
CUST00601,Customer_601,Pune,2020-04-04,1719,2020,April
CUST00602,Customer_602,Kolkata,2023-12-21,592,2023,December
CUST00603,Customer_603,Pune,2023-06-26,2069,2023,June
CUST00604,Customer_604,Chennai,2022-04-21,3414,2022,April
CUST00605,Customer_605,Mumbai,2020-11-02,1566,2020,November
CUST00606,Customer_606,Chennai,2021-12-20,3168,2021,December
CUST00607,Customer_607,Bangalore,2021-03-13,4285,2021,March
CUST00608,Customer_608,Hyderabad,2021-08-30,13,2021,August
CUST00609,Customer_609,Delhi,2020-08-19,4299,2020,August
CUST00610,Customer_610,Delhi,2021-06-19,526,2021,June
CUST00611,Customer_611,Kolkata,2021-07-22,3180,2021,July
CUST00612,Customer_612,Kolkata,2021-09-09,552,2021,September
CUST00613,Customer_613,Chennai,2021-08-06,2392,2021,August
CUST00614,Customer_614,Hyderabad,2022-09-25,781,2022,September
CUST00615,Customer_615,Bangalore,2021-07-23,1569,2021,July
CUST00616,Customer_616,Delhi,2021-08-30,276,2021,August
CUST00617,Customer_617,Mumbai,2023-06-03,3598,2023,June
CUST00618,Customer_618,Kolkata,2020-06-22,3336,2020,June
CUST00619,Customer_619,Ahmedabad,2022-04-03,3,2022,April
CUST00620,Customer_620,Kolkata,2020-01-15,4629,2020,January
CUST00621,Customer_621,Mumbai,2021-05-11,3036,2021,May
CUST00622,Customer_622,Hyderabad,2021-04-04,2672,2021,April
CUST00623,Customer_623,Chennai,2020-07-24,4097,2020,July
CUST00624,Customer_624,Hyderabad,2023-06-30,381,2023,June
CUST00625,Customer_625,Mumbai,2023-07-08,2807,2023,July
CUST00626,Customer_626,Mumbai,2022-01-24,1135,2022,January
CUST00627,Customer_627,Delhi,2022-08-09,3526,2022,August
CUST00628,Customer_628,Chennai,2020-01-06,4803,2020,January
CUST00629,Customer_629,Mumbai,2023-10-25,1504,2023,October
CUST00630,Customer_630,Chennai,2023-11-07,3934,2023,November
CUST00631,Customer_631,Ahmedabad,2022-06-24,1944,2022,June
CUST00632,Customer_632,Delhi,2023-08-15,1496,2023,August
CUST00633,Customer_633,Mumbai,2022-04-13,882,2022,April
CUST00634,Customer_634,Ahmedabad,2020-10-19,4591,2020,October
CUST00635,Customer_635,Ahmedabad,2022-10-21,1092,2022,October
CUST00636,Customer_636,Delhi,2020-01-02,2378,2020,January
CUST00637,Customer_637,Hyderabad,2020-04-10,278,2020,April
CUST00638,Customer_638,Bangalore,2023-07-12,603,2023,July
CUST00639,Customer_639,Ahmedabad,2020-10-14,3911,2020,October
CUST00640,Customer_640,Kolkata,2022-08-11,4788,2022,August
CUST00641,Customer_641,Bangalore,2020-07-20,1713,2020,July
CUST00642,Customer_642,Chennai,2021-07-30,2614,2021,July
CUST00643,Customer_643,Ahmedabad,2020-05-26,3672,2020,May
CUST00644,Customer_644,Ahmedabad,2023-08-23,219,2023,August
CUST00645,Customer_645,Chennai,2020-12-08,445,2020,December
CUST00646,Customer_646,Delhi,2023-09-13,4355,2023,September
CUST00647,Customer_647,Kolkata,2023-12-08,210,2023,December
CUST00648,Customer_648,Hyderabad,2020-09-05,3063,2020,September
CUST00649,Customer_649,Bangalore,2020-10-31,117,2020,October
CUST00650,Customer_650,Mumbai,2020-05-28,4083,2020,May
CUST00651,Customer_651,Hyderabad,2022-02-06,4687,2022,February
CUST00652,Customer_652,Hyderabad,2021-01-24,2741,2021,January
CUST00653,Customer_653,Mumbai,2021-02-12,1887,2021,February
CUST00654,Customer_654,Bangalore,2023-11-14,2184,2023,November
CUST00655,Customer_655,Mumbai,2021-03-08,4127,2021,March
CUST00656,Customer_656,Kolkata,2023-01-10,2449,2023,January
CUST00657,Customer_657,Chennai,2021-11-26,3098,2021,November
CUST00658,Customer_658,Bangalore,2022-08-11,2100,2022,August
CUST00659,Customer_659,Kolkata,2020-07-08,4340,2020,July
CUST00660,Customer_660,Delhi,2023-05-12,4321,2023,May
CUST00661,Customer_661,Ahmedabad,2023-08-16,4085,2023,August
CUST00662,Customer_662,Hyderabad,2021-09-22,1343,2021,September
CUST00663,Customer_663,Kolkata,2021-07-21,4789,2021,July
CUST00664,Customer_664,Kolkata,2021-04-21,4035,2021,April
CUST00665,Customer_665,Mumbai,2021-03-07,2391,2021,March
CUST00666,Customer_666,Hyderabad,2020-10-24,3909,2020,October
CUST00667,Customer_667,Kolkata,2021-06-23,4460,2021,June
CUST00668,Customer_668,Chennai,2023-08-17,1055,2023,August
CUST00669,Customer_669,Hyderabad,2021-04-29,917,2021,April
CUST00670,Customer_670,Hyderabad,2022-08-09,2539,2022,August
CUST00671,Customer_671,Ahmedabad,2020-11-19,1474,2020,November
CUST00672,Customer_672,Kolkata,2020-12-30,773,2020,December
CUST00673,Customer_673,Kolkata,2021-01-05,2674,2021,January
CUST00674,Customer_674,Hyderabad,2021-02-20,882,2021,February
CUST00675,Customer_675,Ahmedabad,2021-06-11,2792,2021,June
CUST00676,Customer_676,Pune,2022-10-31,3579,2022,October
CUST00677,Customer_677,Hyderabad,2020-10-07,4286,2020,October
CUST00678,Customer_678,Kolkata,2021-05-31,634,2021,May
CUST00679,Customer_679,Chennai,2022-12-16,1158,2022,December
CUST00680,Customer_680,Chennai,2021-04-04,2752,2021,April
CUST00681,Customer_681,Mumbai,2021-09-29,4713,2021,September
CUST00682,Customer_682,Mumbai,2020-06-17,2150,2020,June
CUST00683,Customer_683,Bangalore,2021-08-24,47,2021,August
CUST00684,Customer_684,Pune,2020-09-30,4662,2020,September
CUST00685,Customer_685,Chennai,2023-12-13,3804,2023,December
CUST00686,Customer_686,Hyderabad,2023-07-05,4819,2023,July
CUST00687,Customer_687,Chennai,2021-08-02,2833,2021,August
CUST00688,Customer_688,Bangalore,2020-01-11,3882,2020,January
CUST00689,Customer_689,Mumbai,2020-07-02,723,2020,July
CUST00690,Customer_690,Delhi,2022-02-01,4693,2022,February
CUST00691,Customer_691,Kolkata,2023-07-14,4253,2023,July
CUST00692,Customer_692,Ahmedabad,2021-06-04,4404,2021,June
CUST00693,Customer_693,Mumbai,2021-01-24,1205,2021,January
CUST00694,Customer_694,Ahmedabad,2022-03-25,898,2022,March
CUST00695,Customer_695,Ahmedabad,2023-08-24,3171,2023,August
CUST00696,Customer_696,Hyderabad,2022-09-23,4663,2022,September
CUST00697,Customer_697,Pune,2023-02-14,2106,2023,February
CUST00698,Customer_698,Bangalore,2023-11-28,3349,2023,November
CUST00699,Customer_699,Hyderabad,2022-11-14,1393,2022,November
CUST00700,Customer_700,Bangalore,2023-01-17,3935,2023,January
CUST00701,Customer_701,Bangalore,2021-12-06,4387,2021,December
CUST00702,Customer_702,Bangalore,2023-04-17,3457,2023,April
CUST00703,Customer_703,Delhi,2020-05-20,3151,2020,May
CUST00704,Customer_704,Bangalore,2023-10-26,2782,2023,October
CUST00705,Customer_705,Bangalore,2021-07-19,2365,2021,July
CUST00706,Customer_706,Chennai,2021-09-28,3816,2021,September
CUST00707,Customer_707,Kolkata,2023-07-22,1669,2023,July
CUST00708,Customer_708,Kolkata,2023-05-16,493,2023,May
CUST00709,Customer_709,Hyderabad,2020-05-25,2643,2020,May
CUST00710,Customer_710,Bangalore,2022-05-18,545,2022,May
CUST00711,Customer_711,Pune,2024-01-12,4286,2024,January
CUST00712,Customer_712,Kolkata,2020-03-16,1136,2020,March
CUST00713,Customer_713,Chennai,2022-01-15,4306,2022,January
CUST00714,Customer_714,Mumbai,2023-04-28,3964,2023,April
CUST00715,Customer_715,Hyderabad,2021-01-19,494,2021,January
CUST00716,Customer_716,Bangalore,2022-02-23,4607,2022,February
CUST00717,Customer_717,Hyderabad,2021-05-29,940,2021,May
CUST00718,Customer_718,Mumbai,2022-11-24,3358,2022,November
CUST00719,Customer_719,Mumbai,2021-05-10,1274,2021,May
CUST00720,Customer_720,Kolkata,2020-11-02,833,2020,November
CUST00721,Customer_721,Delhi,2023-04-20,3683,2023,April
CUST00722,Customer_722,Delhi,2022-08-27,3050,2022,August
CUST00723,Customer_723,Bangalore,2022-07-18,4549,2022,July
CUST00724,Customer_724,Delhi,2022-04-11,4550,2022,April
CUST00725,Customer_725,Ahmedabad,2020-06-05,403,2020,June
CUST00726,Customer_726,Ahmedabad,2022-06-07,218,2022,June
CUST00727,Customer_727,Chennai,2022-07-28,752,2022,July
CUST00728,Customer_728,Delhi,2022-03-20,2745,2022,March
CUST00729,Customer_729,Bangalore,2020-09-07,339,2020,September
CUST00730,Customer_730,Bangalore,2023-02-25,4711,2023,February
CUST00731,Customer_731,Kolkata,2020-02-28,1816,2020,February
CUST00732,Customer_732,Bangalore,2020-11-17,4558,2020,November
CUST00733,Customer_733,Hyderabad,2021-12-06,1373,2021,December
CUST00734,Customer_734,Ahmedabad,2022-03-10,1307,2022,March
CUST00735,Customer_735,Delhi,2020-08-01,3317,2020,August
CUST00736,Customer_736,Mumbai,2021-10-17,4684,2021,October
CUST00737,Customer_737,Delhi,2022-01-25,1832,2022,January
CUST00738,Customer_738,Bangalore,2021-05-23,632,2021,May
CUST00739,Customer_739,Mumbai,2021-01-13,3813,2021,January
CUST00740,Customer_740,Bangalore,2023-08-03,2880,2023,August
CUST00741,Customer_741,Delhi,2022-02-05,4262,2022,February
CUST00742,Customer_742,Kolkata,2020-05-08,2476,2020,May
CUST00743,Customer_743,Chennai,2023-03-12,4433,2023,March
CUST00744,Customer_744,Pune,2023-12-03,2518,2023,December
CUST00745,Customer_745,Pune,2021-12-23,2184,2021,December
CUST00746,Customer_746,Pune,2021-06-03,1097,2021,June
CUST00747,Customer_747,Ahmedabad,2020-12-01,1176,2020,December
CUST00748,Customer_748,Bangalore,2023-05-04,115,2023,May
CUST00749,Customer_749,Kolkata,2021-03-26,4319,2021,March
CUST00750,Customer_750,Kolkata,2023-06-14,672,2023,June
CUST00751,Customer_751,Delhi,2020-01-27,2407,2020,January
CUST00752,Customer_752,Kolkata,2020-09-28,8,2020,September
CUST00753,Customer_753,Chennai,2020-10-06,610,2020,October
CUST00754,Customer_754,Hyderabad,2022-04-29,1462,2022,April
CUST00755,Customer_755,Hyderabad,2021-09-21,1924,2021,September
CUST00756,Customer_756,Chennai,2020-08-19,249,2020,August
CUST00757,Customer_757,Bangalore,2022-01-24,1228,2022,January
CUST00758,Customer_758,Pune,2023-11-18,4622,2023,November
CUST00759,Customer_759,Mumbai,2023-09-06,1489,2023,September
CUST00760,Customer_760,Hyderabad,2023-12-03,339,2023,December
CUST00761,Customer_761,Pune,2020-10-19,973,2020,October
CUST00762,Customer_762,Pune,2021-08-20,4452,2021,August
CUST00763,Customer_763,Bangalore,2021-08-15,4754,2021,August
CUST00764,Customer_764,Kolkata,2021-12-30,3969,2021,December
CUST00765,Customer_765,Bangalore,2022-04-08,2628,2022,April
CUST00766,Customer_766,Pune,2023-11-14,1557,2023,November
CUST00767,Customer_767,Chennai,2021-10-22,4628,2021,October
CUST00768,Customer_768,Kolkata,2022-10-03,4937,2022,October
CUST00769,Customer_769,Chennai,2021-10-21,4555,2021,October
CUST00770,Customer_770,Mumbai,2020-06-02,4914,2020,June
CUST00771,Customer_771,Chennai,2022-11-25,337,2022,November
CUST00772,Customer_772,Bangalore,2020-03-09,2451,2020,March
CUST00773,Customer_773,Hyderabad,2023-10-05,3430,2023,October
CUST00774,Customer_774,Mumbai,2020-06-22,955,2020,June
CUST00775,Customer_775,Mumbai,2021-12-22,783,2021,December
CUST00776,Customer_776,Chennai,2020-12-21,374,2020,December
CUST00777,Customer_777,Ahmedabad,2023-11-02,1721,2023,November
CUST00778,Customer_778,Mumbai,2023-03-21,4028,2023,March
CUST00779,Customer_779,Chennai,2021-09-12,3658,2021,September
CUST00780,Customer_780,Ahmedabad,2023-01-09,3996,2023,January
CUST00781,Customer_781,Pune,2020-12-06,2152,2020,December
CUST00782,Customer_782,Kolkata,2022-05-25,3728,2022,May
CUST00783,Customer_783,Chennai,2020-05-31,1961,2020,May
CUST00784,Customer_784,Mumbai,2023-06-08,2593,2023,June
CUST00785,Customer_785,Kolkata,2022-12-29,707,2022,December
CUST00786,Customer_786,Kolkata,2021-08-24,2633,2021,August
CUST00787,Customer_787,Hyderabad,2020-11-22,4164,2020,November
CUST00788,Customer_788,Kolkata,2023-02-10,1293,2023,February
CUST00789,Customer_789,Ahmedabad,2022-06-02,2689,2022,June
CUST00790,Customer_790,Kolkata,2021-09-08,4703,2021,September
CUST00791,Customer_791,Chennai,2021-12-26,4362,2021,December
CUST00792,Customer_792,Hyderabad,2023-05-09,4660,2023,May
CUST00793,Customer_793,Pune,2022-02-14,1181,2022,February
CUST00794,Customer_794,Bangalore,2021-10-05,2427,2021,October
CUST00795,Customer_795,Hyderabad,2023-10-29,1669,2023,October
CUST00796,Customer_796,Hyderabad,2023-06-08,2920,2023,June
CUST00797,Customer_797,Kolkata,2020-12-24,1740,2020,December
CUST00798,Customer_798,Mumbai,2023-03-03,4349,2023,March
CUST00799,Customer_799,Mumbai,2022-09-03,2229,2022,September
CUST00800,Customer_800,Pune,2022-07-24,1345,2022,July
CUST00801,Customer_801,Hyderabad,2021-08-29,710,2021,August
CUST00802,Customer_802,Delhi,2022-07-12,3368,2022,July
CUST00803,Customer_803,Mumbai,2020-02-18,3288,2020,February
CUST00804,Customer_804,Delhi,2021-01-08,2869,2021,January
CUST00805,Customer_805,Ahmedabad,2021-07-19,2855,2021,July
CUST00806,Customer_806,Chennai,2022-09-10,2880,2022,September
CUST00807,Customer_807,Bangalore,2022-10-06,1033,2022,October
CUST00808,Customer_808,Bangalore,2023-06-02,2466,2023,June
CUST00809,Customer_809,Pune,2023-12-21,677,2023,December
CUST00810,Customer_810,Ahmedabad,2022-04-01,2666,2022,April
CUST00811,Customer_811,Bangalore,2023-02-22,3067,2023,February
CUST00812,Customer_812,Ahmedabad,2020-06-26,1425,2020,June
CUST00813,Customer_813,Pune,2022-10-15,41,2022,October
CUST00814,Customer_814,Delhi,2022-12-06,4430,2022,December
CUST00815,Customer_815,Hyderabad,2022-07-10,788,2022,July
CUST00816,Customer_816,Delhi,2021-01-29,661,2021,January
CUST00817,Customer_817,Mumbai,2022-05-09,806,2022,May
CUST00818,Customer_818,Bangalore,2020-09-07,2887,2020,September
CUST00819,Customer_819,Ahmedabad,2021-09-21,2879,2021,September
CUST00820,Customer_820,Mumbai,2021-05-31,3025,2021,May
CUST00821,Customer_821,Ahmedabad,2022-02-25,719,2022,February
CUST00822,Customer_822,Bangalore,2023-09-30,2038,2023,September
CUST00823,Customer_823,Kolkata,2021-12-03,4248,2021,December
CUST00824,Customer_824,Kolkata,2023-01-11,4476,2023,January
CUST00825,Customer_825,Hyderabad,2020-06-27,3227,2020,June
CUST00826,Customer_826,Chennai,2020-03-14,3611,2020,March
CUST00827,Customer_827,Kolkata,2023-10-12,2906,2023,October
CUST00828,Customer_828,Kolkata,2021-03-08,2935,2021,March
CUST00829,Customer_829,Ahmedabad,2021-09-19,2321,2021,September
CUST00830,Customer_830,Hyderabad,2021-12-20,2335,2021,December
CUST00831,Customer_831,Chennai,2020-06-08,3347,2020,June
CUST00832,Customer_832,Hyderabad,2022-09-15,2336,2022,September
CUST00833,Customer_833,Mumbai,2021-10-13,3387,2021,October
CUST00834,Customer_834,Ahmedabad,2022-01-04,4355,2022,January
CUST00835,Customer_835,Chennai,2022-06-09,2801,2022,June
CUST00836,Customer_836,Ahmedabad,2023-05-24,1274,2023,May
CUST00837,Customer_837,Bangalore,2020-11-06,2051,2020,November
CUST00838,Customer_838,Bangalore,2020-07-04,3518,2020,July
CUST00839,Customer_839,Pune,2021-04-05,1717,2021,April
CUST00840,Customer_840,Ahmedabad,2023-03-14,3783,2023,March
CUST00841,Customer_841,Mumbai,2020-08-22,4004,2020,August
CUST00842,Customer_842,Ahmedabad,2020-11-24,4273,2020,November
CUST00843,Customer_843,Bangalore,2020-05-30,1381,2020,May
CUST00844,Customer_844,Kolkata,2022-04-19,2764,2022,April
CUST00845,Customer_845,Ahmedabad,2021-07-26,1142,2021,July
CUST00846,Customer_846,Hyderabad,2020-02-05,1110,2020,February
CUST00847,Customer_847,Pune,2023-08-04,2012,2023,August
CUST00848,Customer_848,Ahmedabad,2023-06-24,1622,2023,June
CUST00849,Customer_849,Hyderabad,2024-01-12,4063,2024,January
CUST00850,Customer_850,Kolkata,2022-09-09,2657,2022,September
CUST00851,Customer_851,Chennai,2020-06-19,3274,2020,June
CUST00852,Customer_852,Delhi,2023-02-24,3945,2023,February
CUST00853,Customer_853,Ahmedabad,2021-10-31,1310,2021,October
CUST00854,Customer_854,Kolkata,2021-12-21,2380,2021,December
CUST00855,Customer_855,Mumbai,2022-01-10,2624,2022,January
CUST00856,Customer_856,Hyderabad,2021-01-19,671,2021,January
CUST00857,Customer_857,Delhi,2023-01-08,2032,2023,January
CUST00858,Customer_858,Chennai,2023-05-28,3451,2023,May
CUST00859,Customer_859,Pune,2022-05-24,3674,2022,May
CUST00860,Customer_860,Pune,2023-05-26,852,2023,May
CUST00861,Customer_861,Hyderabad,2021-08-23,3663,2021,August
CUST00862,Customer_862,Kolkata,2023-07-06,4638,2023,July
CUST00863,Customer_863,Ahmedabad,2023-12-21,69,2023,December
CUST00864,Customer_864,Hyderabad,2020-07-31,226,2020,July
CUST00865,Customer_865,Mumbai,2022-12-23,601,2022,December
CUST00866,Customer_866,Ahmedabad,2022-01-28,3810,2022,January
CUST00867,Customer_867,Ahmedabad,2023-06-15,1919,2023,June
CUST00868,Customer_868,Pune,2020-05-22,545,2020,May
CUST00869,Customer_869,Bangalore,2020-10-06,2091,2020,October
CUST00870,Customer_870,Bangalore,2021-06-16,227,2021,June
CUST00871,Customer_871,Bangalore,2021-07-23,4510,2021,July
CUST00872,Customer_872,Pune,2024-02-01,1136,2024,February
CUST00873,Customer_873,Mumbai,2022-05-23,815,2022,May
CUST00874,Customer_874,Mumbai,2023-02-05,1793,2023,February
CUST00875,Customer_875,Mumbai,2021-06-02,3157,2021,June
CUST00876,Customer_876,Delhi,2023-05-01,1224,2023,May
CUST00877,Customer_877,Delhi,2021-09-20,355,2021,September
CUST00878,Customer_878,Chennai,2021-12-20,1323,2021,December
CUST00879,Customer_879,Ahmedabad,2020-01-02,3057,2020,January
CUST00880,Customer_880,Delhi,2020-07-18,1255,2020,July
CUST00881,Customer_881,Pune,2023-04-15,2096,2023,April
CUST00882,Customer_882,Mumbai,2020-11-08,2779,2020,November
CUST00883,Customer_883,Ahmedabad,2020-11-17,4692,2020,November
CUST00884,Customer_884,Mumbai,2021-09-25,2005,2021,September
CUST00885,Customer_885,Hyderabad,2023-03-22,3183,2023,March
CUST00886,Customer_886,Pune,2021-01-06,4313,2021,January
CUST00887,Customer_887,Bangalore,2020-01-29,3999,2020,January
CUST00888,Customer_888,Chennai,2023-02-19,844,2023,February
CUST00889,Customer_889,Delhi,2023-12-25,2962,2023,December
CUST00890,Customer_890,Chennai,2022-05-03,979,2022,May
CUST00891,Customer_891,Pune,2022-09-11,4995,2022,September
CUST00892,Customer_892,Mumbai,2020-05-21,1908,2020,May
CUST00893,Customer_893,Pune,2021-01-27,996,2021,January
CUST00894,Customer_894,Pune,2021-01-23,2809,2021,January
CUST00895,Customer_895,Bangalore,2023-12-30,142,2023,December
CUST00896,Customer_896,Chennai,2020-10-08,3298,2020,October
CUST00897,Customer_897,Bangalore,2022-12-04,3455,2022,December
CUST00898,Customer_898,Ahmedabad,2020-02-10,1715,2020,February
CUST00899,Customer_899,Delhi,2023-10-21,654,2023,October
CUST00900,Customer_900,Pune,2023-02-15,716,2023,February
CUST00901,Customer_901,Bangalore,2023-03-14,4013,2023,March
CUST00902,Customer_902,Ahmedabad,2023-10-24,4742,2023,October
CUST00903,Customer_903,Hyderabad,2022-07-10,247,2022,July
CUST00904,Customer_904,Bangalore,2020-09-02,3381,2020,September
CUST00905,Customer_905,Kolkata,2022-02-15,2381,2022,February
CUST00906,Customer_906,Pune,2020-08-27,3262,2020,August
CUST00907,Customer_907,Mumbai,2021-07-12,471,2021,July
CUST00908,Customer_908,Ahmedabad,2022-12-08,2795,2022,December
CUST00909,Customer_909,Chennai,2021-06-29,4300,2021,June
CUST00910,Customer_910,Hyderabad,2024-01-23,3494,2024,January
CUST00911,Customer_911,Kolkata,2023-07-01,4764,2023,July
CUST00912,Customer_912,Hyderabad,2020-05-16,3498,2020,May
CUST00913,Customer_913,Pune,2022-08-30,4173,2022,August
CUST00914,Customer_914,Pune,2022-01-01,2503,2022,January
CUST00915,Customer_915,Chennai,2021-11-27,2035,2021,November
CUST00916,Customer_916,Kolkata,2023-11-25,4190,2023,November
CUST00917,Customer_917,Chennai,2021-01-15,1583,2021,January
CUST00918,Customer_918,Pune,2021-07-31,3566,2021,July
CUST00919,Customer_919,Chennai,2022-03-03,2058,2022,March
CUST00920,Customer_920,Ahmedabad,2020-03-19,4613,2020,March
CUST00921,Customer_921,Mumbai,2023-10-04,1606,2023,October
CUST00922,Customer_922,Pune,2022-08-14,1081,2022,August
CUST00923,Customer_923,Pune,2020-03-07,540,2020,March
CUST00924,Customer_924,Bangalore,2020-05-31,4058,2020,May
CUST00925,Customer_925,Kolkata,2021-07-09,4087,2021,July
CUST00926,Customer_926,Delhi,2023-06-13,542,2023,June
CUST00927,Customer_927,Ahmedabad,2020-04-18,1361,2020,April
CUST00928,Customer_928,Delhi,2022-07-13,2375,2022,July
CUST00929,Customer_929,Mumbai,2022-09-13,3907,2022,September
CUST00930,Customer_930,Bangalore,2021-08-11,972,2021,August
CUST00931,Customer_931,Chennai,2020-02-04,227,2020,February
CUST00932,Customer_932,Mumbai,2023-05-31,684,2023,May
CUST00933,Customer_933,Ahmedabad,2021-07-30,3311,2021,July
CUST00934,Customer_934,Ahmedabad,2021-09-23,2658,2021,September
CUST00935,Customer_935,Ahmedabad,2020-08-27,1301,2020,August
CUST00936,Customer_936,Pune,2021-10-28,2691,2021,October
CUST00937,Customer_937,Ahmedabad,2022-06-07,1097,2022,June
CUST00938,Customer_938,Mumbai,2021-01-23,315,2021,January
CUST00939,Customer_939,Chennai,2023-11-09,415,2023,November
CUST00940,Customer_940,Chennai,2022-08-20,2556,2022,August
CUST00941,Customer_941,Bangalore,2023-02-21,1058,2023,February
CUST00942,Customer_942,Delhi,2021-03-20,1535,2021,March
CUST00943,Customer_943,Kolkata,2022-07-01,3236,2022,July
CUST00944,Customer_944,Mumbai,2020-10-20,3069,2020,October
CUST00945,Customer_945,Ahmedabad,2021-01-27,4699,2021,January
CUST00946,Customer_946,Bangalore,2023-08-26,3908,2023,August
CUST00947,Customer_947,Kolkata,2021-01-16,2716,2021,January
CUST00948,Customer_948,Pune,2021-06-11,2950,2021,June
CUST00949,Customer_949,Delhi,2023-04-05,2796,2023,April
CUST00950,Customer_950,Bangalore,2022-05-11,3445,2022,May
CUST00951,Customer_951,Kolkata,2020-12-01,4210,2020,December
CUST00952,Customer_952,Delhi,2020-01-22,767,2020,January
CUST00953,Customer_953,Ahmedabad,2021-09-05,445,2021,September
CUST00954,Customer_954,Bangalore,2021-12-10,2452,2021,December
CUST00955,Customer_955,Chennai,2022-12-17,4545,2022,December
CUST00956,Customer_956,Delhi,2020-10-18,3420,2020,October
CUST00957,Customer_957,Ahmedabad,2022-02-27,783,2022,February
CUST00958,Customer_958,Kolkata,2023-04-03,3943,2023,April
CUST00959,Customer_959,Mumbai,2023-04-17,4328,2023,April
CUST00960,Customer_960,Delhi,2021-07-18,3726,2021,July
CUST00961,Customer_961,Hyderabad,2022-02-09,2210,2022,February
CUST00962,Customer_962,Kolkata,2020-08-04,4666,2020,August
CUST00963,Customer_963,Kolkata,2021-08-29,1971,2021,August
CUST00964,Customer_964,Delhi,2020-01-22,2913,2020,January
CUST00965,Customer_965,Kolkata,2022-09-23,1234,2022,September
CUST00966,Customer_966,Ahmedabad,2020-06-18,2905,2020,June
CUST00967,Customer_967,Kolkata,2022-09-08,4590,2022,September
CUST00968,Customer_968,Pune,2021-11-04,4050,2021,November
CUST00969,Customer_969,Chennai,2023-08-12,1431,2023,August
CUST00970,Customer_970,Hyderabad,2023-04-28,4412,2023,April
CUST00971,Customer_971,Delhi,2021-04-15,560,2021,April
CUST00972,Customer_972,Bangalore,2020-12-04,2939,2020,December
CUST00973,Customer_973,Kolkata,2023-04-26,3652,2023,April
CUST00974,Customer_974,Kolkata,2021-03-25,1931,2021,March
CUST00975,Customer_975,Ahmedabad,2020-12-21,3475,2020,December
CUST00976,Customer_976,Ahmedabad,2023-02-10,1246,2023,February
CUST00977,Customer_977,Pune,2021-06-25,4301,2021,June
CUST00978,Customer_978,Mumbai,2023-09-04,3824,2023,September
CUST00979,Customer_979,Kolkata,2020-03-26,1143,2020,March
CUST00980,Customer_980,Delhi,2020-12-05,2591,2020,December
CUST00981,Customer_981,Ahmedabad,2022-06-29,260,2022,June
CUST00982,Customer_982,Chennai,2020-02-23,3528,2020,February
CUST00983,Customer_983,Chennai,2023-07-24,246,2023,July
CUST00984,Customer_984,Chennai,2021-06-03,538,2021,June
CUST00985,Customer_985,Chennai,2024-02-04,527,2024,February
CUST00986,Customer_986,Hyderabad,2022-07-26,573,2022,July
CUST00987,Customer_987,Pune,2021-10-02,2695,2021,October
CUST00988,Customer_988,Bangalore,2021-02-14,1452,2021,February
CUST00989,Customer_989,Kolkata,2020-04-28,662,2020,April
CUST00990,Customer_990,Chennai,2020-02-09,933,2020,February
CUST00991,Customer_991,Delhi,2021-12-02,4778,2021,December
CUST00992,Customer_992,Mumbai,2020-05-04,1457,2020,May
CUST00993,Customer_993,Mumbai,2022-09-24,1930,2022,September
CUST00994,Customer_994,Ahmedabad,2023-11-03,3379,2023,November
CUST00995,Customer_995,Pune,2023-12-27,25,2023,December
CUST00996,Customer_996,Pune,2021-09-30,3747,2021,September
CUST00997,Customer_997,Kolkata,2021-08-14,2569,2021,August
CUST00998,Customer_998,Ahmedabad,2020-05-31,2139,2020,May
CUST00999,Customer_999,Kolkata,2024-01-11,4245,2024,January
CUST01000,Customer_1000,Mumbai,2020-03-27,2109,2020,March
CUST01001,Customer_1001,Chennai,2021-07-30,806,2021,July
CUST01002,Customer_1002,Delhi,2022-10-21,2075,2022,October
CUST01003,Customer_1003,Bangalore,2023-05-27,2450,2023,May
CUST01004,Customer_1004,Ahmedabad,2021-03-19,1756,2021,March
CUST01005,Customer_1005,Bangalore,2023-08-04,3465,2023,August
CUST01006,Customer_1006,Chennai,2021-01-24,2172,2021,January
CUST01007,Customer_1007,Delhi,2020-10-20,3154,2020,October
CUST01008,Customer_1008,Hyderabad,2023-10-28,203,2023,October
CUST01009,Customer_1009,Chennai,2021-08-13,3786,2021,August
CUST01010,Customer_1010,Pune,2023-08-16,2756,2023,August
CUST01011,Customer_1011,Chennai,2023-10-24,1015,2023,October
CUST01012,Customer_1012,Kolkata,2023-12-27,4862,2023,December
CUST01013,Customer_1013,Pune,2023-06-10,1148,2023,June
CUST01014,Customer_1014,Chennai,2021-03-16,3530,2021,March
CUST01015,Customer_1015,Bangalore,2021-11-03,1976,2021,November
CUST01016,Customer_1016,Ahmedabad,2022-04-07,4545,2022,April
CUST01017,Customer_1017,Kolkata,2020-03-09,3737,2020,March
CUST01018,Customer_1018,Ahmedabad,2020-10-02,556,2020,October
CUST01019,Customer_1019,Mumbai,2024-02-02,130,2024,February
CUST01020,Customer_1020,Ahmedabad,2022-10-02,2620,2022,October
CUST01021,Customer_1021,Hyderabad,2020-04-07,3766,2020,April
CUST01022,Customer_1022,Ahmedabad,2022-10-15,1164,2022,October
CUST01023,Customer_1023,Delhi,2022-12-05,190,2022,December
CUST01024,Customer_1024,Bangalore,2022-05-16,2634,2022,May
CUST01025,Customer_1025,Ahmedabad,2021-08-12,629,2021,August
CUST01026,Customer_1026,Mumbai,2023-01-11,346,2023,January
CUST01027,Customer_1027,Pune,2022-05-10,3573,2022,May
CUST01028,Customer_1028,Ahmedabad,2020-01-30,4035,2020,January
CUST01029,Customer_1029,Kolkata,2022-01-01,3151,2022,January
CUST01030,Customer_1030,Kolkata,2021-07-24,4469,2021,July
CUST01031,Customer_1031,Mumbai,2021-12-04,680,2021,December
CUST01032,Customer_1032,Delhi,2024-01-28,2745,2024,January
CUST01033,Customer_1033,Pune,2022-06-05,1587,2022,June
CUST01034,Customer_1034,Bangalore,2022-08-19,1409,2022,August
CUST01035,Customer_1035,Pune,2023-07-06,3725,2023,July
CUST01036,Customer_1036,Kolkata,2021-02-20,3629,2021,February
CUST01037,Customer_1037,Kolkata,2021-06-05,4314,2021,June
CUST01038,Customer_1038,Delhi,2022-04-30,539,2022,April
CUST01039,Customer_1039,Ahmedabad,2023-07-14,4196,2023,July
CUST01040,Customer_1040,Bangalore,2022-04-28,4903,2022,April
CUST01041,Customer_1041,Delhi,2021-08-15,1868,2021,August
CUST01042,Customer_1042,Delhi,2021-10-28,4309,2021,October
CUST01043,Customer_1043,Mumbai,2021-08-30,4568,2021,August
CUST01044,Customer_1044,Pune,2022-03-11,1981,2022,March
CUST01045,Customer_1045,Pune,2022-03-13,4885,2022,March
CUST01046,Customer_1046,Mumbai,2021-12-25,3319,2021,December
CUST01047,Customer_1047,Mumbai,2023-10-21,3130,2023,October
CUST01048,Customer_1048,Hyderabad,2021-11-03,3933,2021,November
CUST01049,Customer_1049,Ahmedabad,2023-09-05,480,2023,September
CUST01050,Customer_1050,Delhi,2020-05-09,3847,2020,May
CUST01051,Customer_1051,Hyderabad,2022-04-11,1887,2022,April
CUST01052,Customer_1052,Kolkata,2021-05-02,2913,2021,May
CUST01053,Customer_1053,Ahmedabad,2023-09-28,1873,2023,September
CUST01054,Customer_1054,Delhi,2020-05-01,2560,2020,May
CUST01055,Customer_1055,Mumbai,2020-02-09,2292,2020,February
CUST01056,Customer_1056,Chennai,2020-10-14,23,2020,October
CUST01057,Customer_1057,Ahmedabad,2023-12-04,3139,2023,December
CUST01058,Customer_1058,Bangalore,2022-01-22,1027,2022,January
CUST01059,Customer_1059,Delhi,2020-01-15,4368,2020,January
CUST01060,Customer_1060,Chennai,2023-08-26,4325,2023,August
CUST01061,Customer_1061,Chennai,2021-10-31,273,2021,October
CUST01062,Customer_1062,Kolkata,2023-01-24,2206,2023,January
CUST01063,Customer_1063,Hyderabad,2020-07-15,3816,2020,July
CUST01064,Customer_1064,Kolkata,2022-04-20,4917,2022,April
CUST01065,Customer_1065,Kolkata,2020-04-23,3169,2020,April
CUST01066,Customer_1066,Kolkata,2024-01-18,496,2024,January
CUST01067,Customer_1067,Pune,2020-04-28,3420,2020,April
CUST01068,Customer_1068,Delhi,2020-08-05,2083,2020,August
CUST01069,Customer_1069,Hyderabad,2023-03-17,1774,2023,March
CUST01070,Customer_1070,Delhi,2021-06-25,2934,2021,June
CUST01071,Customer_1071,Mumbai,2022-03-09,4176,2022,March
CUST01072,Customer_1072,Pune,2023-02-26,3008,2023,February
CUST01073,Customer_1073,Delhi,2022-06-09,4318,2022,June
CUST01074,Customer_1074,Ahmedabad,2021-01-03,4967,2021,January
CUST01075,Customer_1075,Mumbai,2020-07-20,3247,2020,July
CUST01076,Customer_1076,Bangalore,2022-08-03,2952,2022,August
CUST01077,Customer_1077,Kolkata,2021-01-14,3184,2021,January
CUST01078,Customer_1078,Ahmedabad,2021-01-18,1590,2021,January
CUST01079,Customer_1079,Delhi,2023-10-20,2058,2023,October
CUST01080,Customer_1080,Pune,2020-03-06,3908,2020,March
CUST01081,Customer_1081,Kolkata,2023-01-03,1204,2023,January
CUST01082,Customer_1082,Bangalore,2023-03-12,4295,2023,March
CUST01083,Customer_1083,Pune,2023-07-27,1960,2023,July
CUST01084,Customer_1084,Delhi,2021-09-16,1288,2021,September
CUST01085,Customer_1085,Delhi,2021-12-31,694,2021,December
CUST01086,Customer_1086,Delhi,2020-08-30,2290,2020,August
CUST01087,Customer_1087,Bangalore,2024-01-16,1841,2024,January
CUST01088,Customer_1088,Mumbai,2022-08-28,354,2022,August
CUST01089,Customer_1089,Kolkata,2024-01-04,404,2024,January
CUST01090,Customer_1090,Delhi,2021-02-22,3415,2021,February
CUST01091,Customer_1091,Bangalore,2020-12-06,2601,2020,December
CUST01092,Customer_1092,Bangalore,2023-06-02,1947,2023,June
CUST01093,Customer_1093,Bangalore,2022-09-17,2932,2022,September
CUST01094,Customer_1094,Mumbai,2020-09-07,2706,2020,September
CUST01095,Customer_1095,Bangalore,2022-10-24,1261,2022,October
CUST01096,Customer_1096,Kolkata,2020-12-09,3790,2020,December
CUST01097,Customer_1097,Pune,2020-05-07,4584,2020,May
CUST01098,Customer_1098,Bangalore,2021-06-28,3789,2021,June
CUST01099,Customer_1099,Pune,2020-05-21,4460,2020,May
CUST01100,Customer_1100,Ahmedabad,2020-04-07,1612,2020,April
CUST01101,Customer_1101,Delhi,2021-03-13,3375,2021,March
CUST01102,Customer_1102,Bangalore,2024-01-31,3090,2024,January
CUST01103,Customer_1103,Mumbai,2020-01-03,4723,2020,January
CUST01104,Customer_1104,Hyderabad,2020-04-11,3638,2020,April
CUST01105,Customer_1105,Pune,2021-02-06,3488,2021,February
CUST01106,Customer_1106,Mumbai,2022-01-27,2425,2022,January
CUST01107,Customer_1107,Pune,2020-09-26,1392,2020,September
CUST01108,Customer_1108,Chennai,2022-06-13,276,2022,June
CUST01109,Customer_1109,Bangalore,2022-05-25,1507,2022,May
CUST01110,Customer_1110,Mumbai,2021-03-12,1405,2021,March
CUST01111,Customer_1111,Chennai,2022-01-08,3906,2022,January
CUST01112,Customer_1112,Kolkata,2021-01-30,2748,2021,January
CUST01113,Customer_1113,Chennai,2022-09-26,4588,2022,September
CUST01114,Customer_1114,Ahmedabad,2023-04-23,4580,2023,April
CUST01115,Customer_1115,Kolkata,2021-07-07,3001,2021,July
CUST01116,Customer_1116,Bangalore,2021-08-25,2563,2021,August
CUST01117,Customer_1117,Chennai,2022-02-25,4791,2022,February
CUST01118,Customer_1118,Ahmedabad,2023-12-26,1399,2023,December
CUST01119,Customer_1119,Mumbai,2021-09-29,1678,2021,September
CUST01120,Customer_1120,Kolkata,2024-01-27,4549,2024,January
CUST01121,Customer_1121,Kolkata,2023-08-12,3568,2023,August
CUST01122,Customer_1122,Mumbai,2022-02-22,2825,2022,February
CUST01123,Customer_1123,Hyderabad,2022-09-17,2998,2022,September
CUST01124,Customer_1124,Chennai,2021-06-30,3890,2021,June
CUST01125,Customer_1125,Mumbai,2022-01-05,3917,2022,January
CUST01126,Customer_1126,Delhi,2021-08-09,4386,2021,August
CUST01127,Customer_1127,Kolkata,2022-03-28,3329,2022,March
CUST01128,Customer_1128,Bangalore,2023-05-22,534,2023,May
CUST01129,Customer_1129,Kolkata,2022-09-17,3370,2022,September
CUST01130,Customer_1130,Kolkata,2022-06-07,683,2022,June
CUST01131,Customer_1131,Kolkata,2021-04-23,278,2021,April
CUST01132,Customer_1132,Ahmedabad,2023-06-23,4868,2023,June
CUST01133,Customer_1133,Hyderabad,2021-10-02,232,2021,October
CUST01134,Customer_1134,Pune,2023-01-17,3389,2023,January
CUST01135,Customer_1135,Kolkata,2020-04-29,1373,2020,April
CUST01136,Customer_1136,Delhi,2020-08-03,4846,2020,August
CUST01137,Customer_1137,Pune,2023-01-21,4905,2023,January
CUST01138,Customer_1138,Ahmedabad,2021-05-17,792,2021,May
CUST01139,Customer_1139,Hyderabad,2021-09-06,4745,2021,September
CUST01140,Customer_1140,Hyderabad,2020-06-17,4678,2020,June
CUST01141,Customer_1141,Kolkata,2023-09-19,1212,2023,September
CUST01142,Customer_1142,Delhi,2022-02-18,2038,2022,February
CUST01143,Customer_1143,Ahmedabad,2022-11-26,3210,2022,November
CUST01144,Customer_1144,Delhi,2022-11-16,3342,2022,November
CUST01145,Customer_1145,Hyderabad,2021-03-29,1269,2021,March
CUST01146,Customer_1146,Hyderabad,2020-10-25,1985,2020,October
CUST01147,Customer_1147,Chennai,2023-11-19,3250,2023,November
CUST01148,Customer_1148,Chennai,2020-03-20,1744,2020,March
CUST01149,Customer_1149,Ahmedabad,2020-10-01,3309,2020,October
CUST01150,Customer_1150,Delhi,2022-04-17,2105,2022,April
CUST01151,Customer_1151,Chennai,2020-05-22,3073,2020,May
CUST01152,Customer_1152,Delhi,2022-03-21,369,2022,March
CUST01153,Customer_1153,Pune,2020-01-07,394,2020,January
CUST01154,Customer_1154,Delhi,2020-12-06,3204,2020,December
CUST01155,Customer_1155,Hyderabad,2021-06-22,4901,2021,June
CUST01156,Customer_1156,Ahmedabad,2022-10-01,1725,2022,October
CUST01157,Customer_1157,Mumbai,2020-03-17,917,2020,March
CUST01158,Customer_1158,Delhi,2023-02-24,3331,2023,February
CUST01159,Customer_1159,Ahmedabad,2021-03-19,3649,2021,March
CUST01160,Customer_1160,Bangalore,2022-02-20,2570,2022,February
CUST01161,Customer_1161,Ahmedabad,2023-01-26,1058,2023,January
CUST01162,Customer_1162,Mumbai,2022-09-24,1219,2022,September
CUST01163,Customer_1163,Ahmedabad,2021-10-16,4562,2021,October
CUST01164,Customer_1164,Kolkata,2021-10-27,2104,2021,October
CUST01165,Customer_1165,Hyderabad,2020-03-16,917,2020,March
CUST01166,Customer_1166,Pune,2023-05-09,2072,2023,May
CUST01167,Customer_1167,Kolkata,2022-04-04,1863,2022,April
CUST01168,Customer_1168,Mumbai,2022-03-22,3863,2022,March
CUST01169,Customer_1169,Pune,2023-12-29,2159,2023,December
CUST01170,Customer_1170,Pune,2023-09-21,2411,2023,September
CUST01171,Customer_1171,Delhi,2023-01-02,4735,2023,January
CUST01172,Customer_1172,Bangalore,2023-05-21,232,2023,May
CUST01173,Customer_1173,Mumbai,2022-12-16,4980,2022,December
CUST01174,Customer_1174,Delhi,2020-02-26,4802,2020,February
CUST01175,Customer_1175,Chennai,2021-04-03,1448,2021,April
CUST01176,Customer_1176,Chennai,2021-05-17,3299,2021,May
CUST01177,Customer_1177,Delhi,2020-11-27,1839,2020,November
CUST01178,Customer_1178,Bangalore,2024-01-05,862,2024,January
CUST01179,Customer_1179,Chennai,2022-05-07,4364,2022,May
CUST01180,Customer_1180,Hyderabad,2021-06-11,4239,2021,June
CUST01181,Customer_1181,Kolkata,2022-06-15,706,2022,June
CUST01182,Customer_1182,Ahmedabad,2020-01-05,1074,2020,January
CUST01183,Customer_1183,Hyderabad,2023-09-15,2873,2023,September
CUST01184,Customer_1184,Chennai,2022-07-07,1536,2022,July
CUST01185,Customer_1185,Bangalore,2023-04-01,4652,2023,April
CUST01186,Customer_1186,Ahmedabad,2021-07-05,4800,2021,July
CUST01187,Customer_1187,Chennai,2020-08-15,2146,2020,August
CUST01188,Customer_1188,Chennai,2020-03-30,3294,2020,March
CUST01189,Customer_1189,Chennai,2023-02-27,4709,2023,February
CUST01190,Customer_1190,Bangalore,2023-06-27,2210,2023,June
CUST01191,Customer_1191,Mumbai,2023-04-20,3387,2023,April
CUST01192,Customer_1192,Hyderabad,2023-02-20,1739,2023,February
CUST01193,Customer_1193,Mumbai,2022-06-06,4663,2022,June
CUST01194,Customer_1194,Kolkata,2020-11-15,3734,2020,November
CUST01195,Customer_1195,Chennai,2020-07-30,2438,2020,July
CUST01196,Customer_1196,Hyderabad,2022-04-27,469,2022,April
CUST01197,Customer_1197,Hyderabad,2023-08-13,3974,2023,August
CUST01198,Customer_1198,Ahmedabad,2023-12-27,3740,2023,December
CUST01199,Customer_1199,Mumbai,2023-10-27,1930,2023,October
CUST01200,Customer_1200,Bangalore,2020-08-18,469,2020,August
CUST01201,Customer_1201,Bangalore,2023-07-09,4538,2023,July
CUST01202,Customer_1202,Mumbai,2020-09-23,1051,2020,September
CUST01203,Customer_1203,Delhi,2020-04-29,256,2020,April
CUST01204,Customer_1204,Kolkata,2023-06-03,2530,2023,June
CUST01205,Customer_1205,Pune,2022-07-21,4074,2022,July
CUST01206,Customer_1206,Hyderabad,2020-10-21,717,2020,October
CUST01207,Customer_1207,Pune,2023-05-09,2805,2023,May
CUST01208,Customer_1208,Kolkata,2020-07-22,4477,2020,July
CUST01209,Customer_1209,Delhi,2023-04-09,843,2023,April
CUST01210,Customer_1210,Pune,2021-08-18,4253,2021,August
CUST01211,Customer_1211,Ahmedabad,2020-05-09,328,2020,May
CUST01212,Customer_1212,Mumbai,2022-01-31,4569,2022,January
CUST01213,Customer_1213,Pune,2021-08-22,651,2021,August
CUST01214,Customer_1214,Delhi,2023-12-14,858,2023,December
CUST01215,Customer_1215,Ahmedabad,2021-05-18,2812,2021,May
CUST01216,Customer_1216,Kolkata,2020-07-18,2265,2020,July
CUST01217,Customer_1217,Mumbai,2022-05-20,4858,2022,May
CUST01218,Customer_1218,Bangalore,2022-04-15,4362,2022,April
CUST01219,Customer_1219,Kolkata,2023-04-24,898,2023,April
CUST01220,Customer_1220,Pune,2023-04-18,1300,2023,April
CUST01221,Customer_1221,Bangalore,2022-07-09,4543,2022,July
CUST01222,Customer_1222,Chennai,2020-09-18,447,2020,September
CUST01223,Customer_1223,Bangalore,2024-01-13,505,2024,January
CUST01224,Customer_1224,Chennai,2022-09-14,3362,2022,September
CUST01225,Customer_1225,Ahmedabad,2021-12-01,1819,2021,December
CUST01226,Customer_1226,Pune,2021-09-22,1677,2021,September
CUST01227,Customer_1227,Bangalore,2023-10-13,3859,2023,October
CUST01228,Customer_1228,Kolkata,2021-07-02,4804,2021,July
CUST01229,Customer_1229,Ahmedabad,2022-06-06,1613,2022,June
CUST01230,Customer_1230,Delhi,2021-06-17,2748,2021,June
CUST01231,Customer_1231,Pune,2022-04-12,2414,2022,April
CUST01232,Customer_1232,Kolkata,2023-04-02,4022,2023,April
CUST01233,Customer_1233,Hyderabad,2021-03-10,616,2021,March
CUST01234,Customer_1234,Mumbai,2022-12-10,3576,2022,December
CUST01235,Customer_1235,Delhi,2020-06-08,821,2020,June
CUST01236,Customer_1236,Ahmedabad,2023-02-11,829,2023,February
CUST01237,Customer_1237,Hyderabad,2022-05-31,4254,2022,May
CUST01238,Customer_1238,Bangalore,2020-10-15,2423,2020,October
CUST01239,Customer_1239,Hyderabad,2020-10-24,3104,2020,October
CUST01240,Customer_1240,Hyderabad,2023-03-18,4126,2023,March
CUST01241,Customer_1241,Pune,2020-03-10,495,2020,March
CUST01242,Customer_1242,Delhi,2020-02-07,2588,2020,February
CUST01243,Customer_1243,Kolkata,2021-02-11,4723,2021,February
CUST01244,Customer_1244,Pune,2023-02-13,2861,2023,February
CUST01245,Customer_1245,Pune,2022-01-10,799,2022,January
CUST01246,Customer_1246,Mumbai,2020-03-22,4038,2020,March
CUST01247,Customer_1247,Ahmedabad,2021-04-04,671,2021,April
CUST01248,Customer_1248,Delhi,2023-07-20,284,2023,July
CUST01249,Customer_1249,Pune,2022-07-04,3416,2022,July
CUST01250,Customer_1250,Delhi,2021-02-26,4658,2021,February
CUST01251,Customer_1251,Kolkata,2021-08-16,2569,2021,August
CUST01252,Customer_1252,Mumbai,2020-10-23,1730,2020,October
CUST01253,Customer_1253,Chennai,2022-09-28,3770,2022,September
CUST01254,Customer_1254,Chennai,2020-07-17,1677,2020,July
CUST01255,Customer_1255,Hyderabad,2022-05-03,561,2022,May
CUST01256,Customer_1256,Pune,2023-09-16,4440,2023,September
CUST01257,Customer_1257,Kolkata,2021-08-25,1246,2021,August
CUST01258,Customer_1258,Ahmedabad,2021-11-28,4561,2021,November
CUST01259,Customer_1259,Hyderabad,2022-05-06,1416,2022,May
CUST01260,Customer_1260,Delhi,2021-12-26,2568,2021,December
CUST01261,Customer_1261,Chennai,2020-03-20,1557,2020,March
CUST01262,Customer_1262,Hyderabad,2023-04-18,2182,2023,April
CUST01263,Customer_1263,Pune,2021-07-16,442,2021,July
CUST01264,Customer_1264,Hyderabad,2022-11-27,2222,2022,November
CUST01265,Customer_1265,Hyderabad,2021-03-05,508,2021,March
CUST01266,Customer_1266,Hyderabad,2022-10-16,2737,2022,October
CUST01267,Customer_1267,Mumbai,2022-07-16,1126,2022,July
CUST01268,Customer_1268,Chennai,2022-06-08,4344,2022,June
CUST01269,Customer_1269,Ahmedabad,2023-07-21,2347,2023,July
CUST01270,Customer_1270,Kolkata,2020-06-13,4562,2020,June
CUST01271,Customer_1271,Hyderabad,2020-02-02,1844,2020,February
CUST01272,Customer_1272,Mumbai,2023-04-18,1940,2023,April
CUST01273,Customer_1273,Pune,2020-11-18,3419,2020,November
CUST01274,Customer_1274,Hyderabad,2021-06-20,3526,2021,June
CUST01275,Customer_1275,Ahmedabad,2024-01-08,358,2024,January
CUST01276,Customer_1276,Hyderabad,2023-03-20,2134,2023,March
CUST01277,Customer_1277,Chennai,2021-12-27,4496,2021,December
CUST01278,Customer_1278,Delhi,2022-09-15,3166,2022,September
CUST01279,Customer_1279,Pune,2021-05-17,4894,2021,May
CUST01280,Customer_1280,Chennai,2023-01-30,1449,2023,January
CUST01281,Customer_1281,Mumbai,2022-06-01,4915,2022,June
CUST01282,Customer_1282,Delhi,2020-12-24,826,2020,December
CUST01283,Customer_1283,Hyderabad,2023-01-19,1301,2023,January
CUST01284,Customer_1284,Bangalore,2021-03-20,727,2021,March
CUST01285,Customer_1285,Bangalore,2020-01-24,2218,2020,January
CUST01286,Customer_1286,Bangalore,2022-05-20,2894,2022,May
CUST01287,Customer_1287,Ahmedabad,2023-06-22,3775,2023,June
CUST01288,Customer_1288,Chennai,2020-03-02,1879,2020,March
CUST01289,Customer_1289,Kolkata,2023-07-31,3834,2023,July
CUST01290,Customer_1290,Mumbai,2021-07-28,3738,2021,July
CUST01291,Customer_1291,Hyderabad,2023-12-10,4853,2023,December
CUST01292,Customer_1292,Delhi,2022-01-15,2482,2022,January
CUST01293,Customer_1293,Delhi,2021-01-06,916,2021,January
CUST01294,Customer_1294,Ahmedabad,2022-01-19,569,2022,January
CUST01295,Customer_1295,Bangalore,2023-06-22,3701,2023,June
CUST01296,Customer_1296,Ahmedabad,2022-06-24,2257,2022,June
CUST01297,Customer_1297,Mumbai,2022-02-16,35,2022,February
CUST01298,Customer_1298,Mumbai,2023-12-20,486,2023,December
CUST01299,Customer_1299,Pune,2021-05-18,1844,2021,May
CUST01300,Customer_1300,Delhi,2022-09-26,670,2022,September
CUST01301,Customer_1301,Ahmedabad,2023-09-17,3118,2023,September
CUST01302,Customer_1302,Chennai,2023-06-24,3660,2023,June
CUST01303,Customer_1303,Hyderabad,2020-02-05,4269,2020,February
CUST01304,Customer_1304,Delhi,2021-12-20,3986,2021,December
CUST01305,Customer_1305,Delhi,2021-11-14,2573,2021,November
CUST01306,Customer_1306,Chennai,2023-01-10,4729,2023,January
CUST01307,Customer_1307,Ahmedabad,2020-04-30,1962,2020,April
CUST01308,Customer_1308,Hyderabad,2023-09-25,854,2023,September
CUST01309,Customer_1309,Mumbai,2020-08-01,3878,2020,August
CUST01310,Customer_1310,Mumbai,2023-07-22,1604,2023,July
CUST01311,Customer_1311,Pune,2020-12-01,3235,2020,December
CUST01312,Customer_1312,Chennai,2023-01-13,722,2023,January
CUST01313,Customer_1313,Bangalore,2022-01-12,3151,2022,January
CUST01314,Customer_1314,Kolkata,2020-07-11,1202,2020,July
CUST01315,Customer_1315,Pune,2021-12-18,1688,2021,December
CUST01316,Customer_1316,Hyderabad,2022-12-30,2960,2022,December
CUST01317,Customer_1317,Kolkata,2021-07-11,4155,2021,July
CUST01318,Customer_1318,Ahmedabad,2022-07-14,4161,2022,July
CUST01319,Customer_1319,Chennai,2020-03-25,202,2020,March
CUST01320,Customer_1320,Hyderabad,2022-07-28,2606,2022,July
CUST01321,Customer_1321,Delhi,2023-11-28,3367,2023,November
CUST01322,Customer_1322,Bangalore,2023-12-13,1067,2023,December
CUST01323,Customer_1323,Chennai,2020-03-31,1180,2020,March
CUST01324,Customer_1324,Kolkata,2021-03-04,1883,2021,March
CUST01325,Customer_1325,Delhi,2020-07-10,837,2020,July
CUST01326,Customer_1326,Hyderabad,2020-12-05,4553,2020,December
CUST01327,Customer_1327,Delhi,2020-05-16,420,2020,May
CUST01328,Customer_1328,Delhi,2021-01-15,2672,2021,January
CUST01329,Customer_1329,Mumbai,2024-02-04,3407,2024,February
CUST01330,Customer_1330,Kolkata,2020-08-12,1312,2020,August
CUST01331,Customer_1331,Kolkata,2023-08-26,2389,2023,August
CUST01332,Customer_1332,Ahmedabad,2022-02-18,4555,2022,February
CUST01333,Customer_1333,Kolkata,2021-09-30,4098,2021,September
CUST01334,Customer_1334,Hyderabad,2022-04-19,477,2022,April
CUST01335,Customer_1335,Delhi,2020-07-07,2668,2020,July
CUST01336,Customer_1336,Delhi,2020-09-17,4427,2020,September
CUST01337,Customer_1337,Delhi,2022-11-20,3981,2022,November
CUST01338,Customer_1338,Bangalore,2023-06-17,1495,2023,June
CUST01339,Customer_1339,Hyderabad,2022-03-20,2337,2022,March
CUST01340,Customer_1340,Kolkata,2022-02-13,4403,2022,February
CUST01341,Customer_1341,Chennai,2021-06-06,1859,2021,June
CUST01342,Customer_1342,Chennai,2020-02-06,4749,2020,February
CUST01343,Customer_1343,Kolkata,2022-12-23,3031,2022,December
CUST01344,Customer_1344,Chennai,2024-02-06,3206,2024,February
CUST01345,Customer_1345,Bangalore,2020-10-18,4634,2020,October
CUST01346,Customer_1346,Ahmedabad,2020-01-03,1259,2020,January
CUST01347,Customer_1347,Bangalore,2022-10-20,3074,2022,October
CUST01348,Customer_1348,Hyderabad,2020-10-18,2480,2020,October
CUST01349,Customer_1349,Bangalore,2022-05-28,3791,2022,May
CUST01350,Customer_1350,Pune,2021-06-24,4337,2021,June
CUST01351,Customer_1351,Ahmedabad,2023-04-11,4490,2023,April
CUST01352,Customer_1352,Pune,2023-02-23,936,2023,February
CUST01353,Customer_1353,Pune,2022-08-09,3130,2022,August
CUST01354,Customer_1354,Delhi,2021-07-10,495,2021,July
CUST01355,Customer_1355,Chennai,2021-09-10,3499,2021,September
CUST01356,Customer_1356,Chennai,2021-02-11,2782,2021,February
CUST01357,Customer_1357,Mumbai,2021-05-13,3836,2021,May
CUST01358,Customer_1358,Ahmedabad,2022-04-12,2640,2022,April
CUST01359,Customer_1359,Chennai,2020-06-01,779,2020,June
CUST01360,Customer_1360,Hyderabad,2023-11-23,1808,2023,November
CUST01361,Customer_1361,Ahmedabad,2023-09-13,4439,2023,September
CUST01362,Customer_1362,Ahmedabad,2021-03-31,3638,2021,March
CUST01363,Customer_1363,Pune,2023-03-17,4275,2023,March
CUST01364,Customer_1364,Kolkata,2020-01-22,3089,2020,January
CUST01365,Customer_1365,Kolkata,2021-09-06,2715,2021,September
CUST01366,Customer_1366,Chennai,2022-06-06,1255,2022,June
CUST01367,Customer_1367,Pune,2022-12-16,3745,2022,December
CUST01368,Customer_1368,Kolkata,2022-07-04,2448,2022,July
CUST01369,Customer_1369,Chennai,2020-05-16,2453,2020,May
CUST01370,Customer_1370,Delhi,2022-06-12,1294,2022,June
CUST01371,Customer_1371,Kolkata,2022-10-14,2243,2022,October
CUST01372,Customer_1372,Chennai,2023-08-24,2593,2023,August
CUST01373,Customer_1373,Ahmedabad,2021-05-02,4101,2021,May
CUST01374,Customer_1374,Hyderabad,2021-02-07,4257,2021,February
CUST01375,Customer_1375,Delhi,2021-12-07,1100,2021,December
CUST01376,Customer_1376,Hyderabad,2020-01-05,2928,2020,January
CUST01377,Customer_1377,Kolkata,2021-02-03,741,2021,February
CUST01378,Customer_1378,Kolkata,2020-08-04,387,2020,August
CUST01379,Customer_1379,Chennai,2021-02-15,2380,2021,February
CUST01380,Customer_1380,Mumbai,2020-07-21,3012,2020,July
CUST01381,Customer_1381,Pune,2020-11-06,578,2020,November
CUST01382,Customer_1382,Kolkata,2021-05-12,1479,2021,May
CUST01383,Customer_1383,Delhi,2020-05-03,1682,2020,May
CUST01384,Customer_1384,Hyderabad,2023-02-12,1743,2023,February
CUST01385,Customer_1385,Kolkata,2020-04-09,608,2020,April
CUST01386,Customer_1386,Pune,2021-12-13,1101,2021,December
CUST01387,Customer_1387,Mumbai,2020-11-17,711,2020,November
CUST01388,Customer_1388,Bangalore,2022-05-22,202,2022,May
CUST01389,Customer_1389,Kolkata,2023-01-09,1286,2023,January
CUST01390,Customer_1390,Kolkata,2024-01-17,3609,2024,January
CUST01391,Customer_1391,Delhi,2022-08-16,3854,2022,August
CUST01392,Customer_1392,Ahmedabad,2022-10-04,418,2022,October
CUST01393,Customer_1393,Delhi,2023-04-10,3525,2023,April
CUST01394,Customer_1394,Bangalore,2020-02-07,3385,2020,February
CUST01395,Customer_1395,Chennai,2020-07-03,2033,2020,July
CUST01396,Customer_1396,Delhi,2021-05-09,2293,2021,May
CUST01397,Customer_1397,Mumbai,2020-09-07,4590,2020,September
CUST01398,Customer_1398,Chennai,2020-03-01,1171,2020,March
CUST01399,Customer_1399,Chennai,2020-11-24,3109,2020,November
CUST01400,Customer_1400,Ahmedabad,2022-01-06,3578,2022,January
CUST01401,Customer_1401,Hyderabad,2023-06-02,120,2023,June
CUST01402,Customer_1402,Ahmedabad,2023-06-10,3065,2023,June
CUST01403,Customer_1403,Pune,2020-05-23,3423,2020,May
CUST01404,Customer_1404,Pune,2020-07-28,2288,2020,July
CUST01405,Customer_1405,Bangalore,2022-03-29,1864,2022,March
CUST01406,Customer_1406,Bangalore,2023-02-16,4057,2023,February
CUST01407,Customer_1407,Hyderabad,2023-10-10,4007,2023,October
CUST01408,Customer_1408,Ahmedabad,2020-11-23,474,2020,November
CUST01409,Customer_1409,Delhi,2020-05-30,2573,2020,May
CUST01410,Customer_1410,Chennai,2022-02-11,2372,2022,February
CUST01411,Customer_1411,Ahmedabad,2020-09-20,4407,2020,September
CUST01412,Customer_1412,Mumbai,2023-07-03,48,2023,July
CUST01413,Customer_1413,Chennai,2021-01-20,2548,2021,January
CUST01414,Customer_1414,Hyderabad,2022-05-24,4552,2022,May
CUST01415,Customer_1415,Bangalore,2022-03-10,3949,2022,March
CUST01416,Customer_1416,Kolkata,2021-10-09,1217,2021,October
CUST01417,Customer_1417,Ahmedabad,2022-03-01,3109,2022,March
CUST01418,Customer_1418,Delhi,2023-05-18,4463,2023,May
CUST01419,Customer_1419,Kolkata,2023-03-08,1205,2023,March
CUST01420,Customer_1420,Bangalore,2021-11-18,4281,2021,November
CUST01421,Customer_1421,Chennai,2021-08-27,3508,2021,August
CUST01422,Customer_1422,Bangalore,2024-01-07,1768,2024,January
CUST01423,Customer_1423,Delhi,2021-01-21,1918,2021,January
CUST01424,Customer_1424,Pune,2023-04-14,4407,2023,April
CUST01425,Customer_1425,Ahmedabad,2023-03-21,753,2023,March
CUST01426,Customer_1426,Kolkata,2021-10-24,4793,2021,October
CUST01427,Customer_1427,Mumbai,2022-06-02,2343,2022,June
CUST01428,Customer_1428,Bangalore,2021-11-18,307,2021,November
CUST01429,Customer_1429,Chennai,2020-10-17,1269,2020,October
CUST01430,Customer_1430,Hyderabad,2021-04-29,738,2021,April
CUST01431,Customer_1431,Pune,2020-08-23,1229,2020,August
CUST01432,Customer_1432,Bangalore,2022-04-24,3435,2022,April
CUST01433,Customer_1433,Delhi,2023-08-01,2623,2023,August
CUST01434,Customer_1434,Kolkata,2021-11-19,1713,2021,November
CUST01435,Customer_1435,Mumbai,2022-06-15,4494,2022,June
CUST01436,Customer_1436,Pune,2021-07-19,1916,2021,July
CUST01437,Customer_1437,Mumbai,2020-12-14,2951,2020,December
CUST01438,Customer_1438,Ahmedabad,2022-11-06,2937,2022,November
CUST01439,Customer_1439,Hyderabad,2023-10-11,4759,2023,October
CUST01440,Customer_1440,Ahmedabad,2023-02-26,3568,2023,February
CUST01441,Customer_1441,Hyderabad,2021-12-20,4307,2021,December
CUST01442,Customer_1442,Hyderabad,2022-09-20,3034,2022,September
CUST01443,Customer_1443,Delhi,2023-01-24,3227,2023,January
CUST01444,Customer_1444,Chennai,2022-10-09,3315,2022,October
CUST01445,Customer_1445,Delhi,2023-08-04,3009,2023,August
CUST01446,Customer_1446,Kolkata,2022-06-10,2585,2022,June
CUST01447,Customer_1447,Kolkata,2020-12-30,1565,2020,December
CUST01448,Customer_1448,Chennai,2022-10-01,412,2022,October
CUST01449,Customer_1449,Delhi,2023-12-29,464,2023,December
CUST01450,Customer_1450,Ahmedabad,2023-05-22,1329,2023,May
CUST01451,Customer_1451,Chennai,2022-12-11,359,2022,December
CUST01452,Customer_1452,Bangalore,2022-06-08,4459,2022,June
CUST01453,Customer_1453,Bangalore,2021-06-09,4002,2021,June
CUST01454,Customer_1454,Pune,2022-04-16,1201,2022,April
CUST01455,Customer_1455,Hyderabad,2022-01-10,82,2022,January
CUST01456,Customer_1456,Bangalore,2020-12-31,1605,2020,December
CUST01457,Customer_1457,Ahmedabad,2020-08-25,2473,2020,August
CUST01458,Customer_1458,Mumbai,2023-09-09,2644,2023,September
CUST01459,Customer_1459,Mumbai,2023-12-17,4058,2023,December
CUST01460,Customer_1460,Ahmedabad,2023-09-27,4083,2023,September
CUST01461,Customer_1461,Ahmedabad,2021-01-14,643,2021,January
CUST01462,Customer_1462,Pune,2023-02-20,3048,2023,February
CUST01463,Customer_1463,Mumbai,2023-11-19,2408,2023,November
CUST01464,Customer_1464,Delhi,2020-12-19,3870,2020,December
CUST01465,Customer_1465,Hyderabad,2021-05-02,3490,2021,May
CUST01466,Customer_1466,Pune,2022-07-31,3898,2022,July
CUST01467,Customer_1467,Hyderabad,2023-09-02,806,2023,September
CUST01468,Customer_1468,Chennai,2020-07-23,3011,2020,July
CUST01469,Customer_1469,Bangalore,2021-04-11,3512,2021,April
CUST01470,Customer_1470,Hyderabad,2021-03-02,828,2021,March
CUST01471,Customer_1471,Pune,2023-07-03,2508,2023,July
CUST01472,Customer_1472,Ahmedabad,2021-02-23,4269,2021,February
CUST01473,Customer_1473,Ahmedabad,2023-01-02,1197,2023,January
CUST01474,Customer_1474,Chennai,2022-06-08,2004,2022,June
CUST01475,Customer_1475,Bangalore,2023-02-27,4058,2023,February
CUST01476,Customer_1476,Hyderabad,2021-12-11,471,2021,December
CUST01477,Customer_1477,Kolkata,2020-02-01,3683,2020,February
CUST01478,Customer_1478,Delhi,2021-03-26,2340,2021,March
CUST01479,Customer_1479,Kolkata,2023-02-28,2630,2023,February
CUST01480,Customer_1480,Bangalore,2022-04-29,3505,2022,April
CUST01481,Customer_1481,Mumbai,2021-04-03,1035,2021,April
CUST01482,Customer_1482,Ahmedabad,2023-07-10,4351,2023,July
CUST01483,Customer_1483,Hyderabad,2023-09-24,4845,2023,September
CUST01484,Customer_1484,Hyderabad,2023-07-22,866,2023,July
CUST01485,Customer_1485,Chennai,2023-03-13,3159,2023,March
CUST01486,Customer_1486,Mumbai,2021-09-03,1217,2021,September
CUST01487,Customer_1487,Kolkata,2021-04-12,4730,2021,April
CUST01488,Customer_1488,Ahmedabad,2021-12-28,4143,2021,December
CUST01489,Customer_1489,Kolkata,2021-12-01,2962,2021,December
CUST01490,Customer_1490,Ahmedabad,2022-02-03,4148,2022,February
CUST01491,Customer_1491,Hyderabad,2021-02-27,947,2021,February
CUST01492,Customer_1492,Mumbai,2020-12-07,4650,2020,December
CUST01493,Customer_1493,Bangalore,2020-11-06,1888,2020,November
CUST01494,Customer_1494,Kolkata,2021-04-07,1356,2021,April
CUST01495,Customer_1495,Delhi,2021-01-08,3920,2021,January
CUST01496,Customer_1496,Bangalore,2022-07-16,2038,2022,July
CUST01497,Customer_1497,Hyderabad,2023-05-03,4960,2023,May
CUST01498,Customer_1498,Mumbai,2021-05-14,2845,2021,May
CUST01499,Customer_1499,Chennai,2021-07-25,3782,2021,July
CUST01500,Customer_1500,Bangalore,2022-01-16,2885,2022,January
CUST01501,Customer_1501,Pune,2021-01-27,1483,2021,January
CUST01502,Customer_1502,Bangalore,2022-08-20,4260,2022,August
CUST01503,Customer_1503,Ahmedabad,2020-08-10,3981,2020,August
CUST01504,Customer_1504,Chennai,2023-09-26,1834,2023,September
CUST01505,Customer_1505,Hyderabad,2023-12-09,3725,2023,December
CUST01506,Customer_1506,Ahmedabad,2023-06-24,1463,2023,June
CUST01507,Customer_1507,Kolkata,2021-12-27,3791,2021,December
CUST01508,Customer_1508,Kolkata,2023-03-30,384,2023,March
CUST01509,Customer_1509,Bangalore,2020-06-27,210,2020,June
CUST01510,Customer_1510,Delhi,2023-06-04,3771,2023,June
CUST01511,Customer_1511,Kolkata,2021-03-30,4315,2021,March
CUST01512,Customer_1512,Delhi,2023-03-13,451,2023,March
CUST01513,Customer_1513,Chennai,2022-07-27,4237,2022,July
CUST01514,Customer_1514,Hyderabad,2021-11-02,2074,2021,November
CUST01515,Customer_1515,Bangalore,2023-07-04,2780,2023,July
CUST01516,Customer_1516,Chennai,2020-07-18,3832,2020,July
CUST01517,Customer_1517,Kolkata,2020-04-21,1907,2020,April
CUST01518,Customer_1518,Chennai,2020-08-13,305,2020,August
CUST01519,Customer_1519,Hyderabad,2023-05-06,807,2023,May
CUST01520,Customer_1520,Bangalore,2023-08-13,1593,2023,August
CUST01521,Customer_1521,Mumbai,2022-08-07,3738,2022,August
CUST01522,Customer_1522,Bangalore,2023-09-06,2366,2023,September
CUST01523,Customer_1523,Chennai,2022-02-16,4620,2022,February
CUST01524,Customer_1524,Kolkata,2022-10-21,2111,2022,October
CUST01525,Customer_1525,Pune,2022-08-31,4753,2022,August
CUST01526,Customer_1526,Mumbai,2020-02-03,3664,2020,February
CUST01527,Customer_1527,Kolkata,2020-09-10,1533,2020,September
CUST01528,Customer_1528,Chennai,2020-01-30,3173,2020,January
CUST01529,Customer_1529,Mumbai,2020-05-04,3549,2020,May
CUST01530,Customer_1530,Mumbai,2021-11-15,4624,2021,November
CUST01531,Customer_1531,Delhi,2022-04-28,1957,2022,April
CUST01532,Customer_1532,Bangalore,2023-02-23,4917,2023,February
CUST01533,Customer_1533,Kolkata,2021-08-08,4399,2021,August
CUST01534,Customer_1534,Ahmedabad,2023-09-11,798,2023,September
CUST01535,Customer_1535,Bangalore,2023-10-14,3833,2023,October
CUST01536,Customer_1536,Ahmedabad,2021-02-26,1315,2021,February
CUST01537,Customer_1537,Kolkata,2022-03-06,4680,2022,March
CUST01538,Customer_1538,Pune,2022-12-07,1949,2022,December
CUST01539,Customer_1539,Hyderabad,2021-05-09,4621,2021,May
CUST01540,Customer_1540,Chennai,2020-09-12,4616,2020,September
CUST01541,Customer_1541,Chennai,2023-07-25,2317,2023,July
CUST01542,Customer_1542,Ahmedabad,2020-02-22,4299,2020,February
CUST01543,Customer_1543,Delhi,2023-05-19,941,2023,May
CUST01544,Customer_1544,Pune,2020-10-15,59,2020,October
CUST01545,Customer_1545,Mumbai,2020-01-26,664,2020,January
CUST01546,Customer_1546,Chennai,2021-06-19,788,2021,June
CUST01547,Customer_1547,Hyderabad,2020-11-30,2331,2020,November
CUST01548,Customer_1548,Bangalore,2022-03-01,4778,2022,March
CUST01549,Customer_1549,Ahmedabad,2020-10-07,1456,2020,October
CUST01550,Customer_1550,Pune,2023-08-09,1689,2023,August
CUST01551,Customer_1551,Hyderabad,2023-05-25,3677,2023,May
CUST01552,Customer_1552,Mumbai,2021-09-19,4594,2021,September
CUST01553,Customer_1553,Mumbai,2022-10-27,4724,2022,October
CUST01554,Customer_1554,Mumbai,2021-09-29,4484,2021,September
CUST01555,Customer_1555,Pune,2021-12-25,3541,2021,December
CUST01556,Customer_1556,Hyderabad,2021-12-17,2536,2021,December
CUST01557,Customer_1557,Pune,2021-06-17,584,2021,June
CUST01558,Customer_1558,Hyderabad,2023-10-10,1840,2023,October
CUST01559,Customer_1559,Pune,2020-04-12,2997,2020,April
CUST01560,Customer_1560,Chennai,2022-08-14,1466,2022,August
CUST01561,Customer_1561,Hyderabad,2021-08-17,3723,2021,August
CUST01562,Customer_1562,Pune,2021-09-23,712,2021,September
CUST01563,Customer_1563,Mumbai,2022-04-07,99,2022,April
CUST01564,Customer_1564,Chennai,2022-10-26,3260,2022,October
CUST01565,Customer_1565,Delhi,2021-09-06,862,2021,September
CUST01566,Customer_1566,Chennai,2024-01-24,2119,2024,January
CUST01567,Customer_1567,Kolkata,2022-02-15,4905,2022,February
CUST01568,Customer_1568,Kolkata,2023-06-21,3781,2023,June
CUST01569,Customer_1569,Bangalore,2021-07-15,463,2021,July
CUST01570,Customer_1570,Ahmedabad,2020-03-02,381,2020,March
CUST01571,Customer_1571,Kolkata,2023-08-23,1415,2023,August
CUST01572,Customer_1572,Delhi,2022-10-17,540,2022,October
CUST01573,Customer_1573,Mumbai,2020-05-28,2988,2020,May
CUST01574,Customer_1574,Mumbai,2021-07-20,4211,2021,July
CUST01575,Customer_1575,Pune,2022-03-17,1454,2022,March
CUST01576,Customer_1576,Hyderabad,2021-10-28,2944,2021,October
CUST01577,Customer_1577,Pune,2023-05-01,1779,2023,May
CUST01578,Customer_1578,Delhi,2023-10-06,3977,2023,October
CUST01579,Customer_1579,Delhi,2021-09-04,1861,2021,September
CUST01580,Customer_1580,Delhi,2020-06-13,2885,2020,June
CUST01581,Customer_1581,Kolkata,2022-11-21,62,2022,November
CUST01582,Customer_1582,Chennai,2020-01-09,3293,2020,January
CUST01583,Customer_1583,Delhi,2023-05-07,1433,2023,May
CUST01584,Customer_1584,Kolkata,2022-04-13,1302,2022,April
CUST01585,Customer_1585,Hyderabad,2021-03-17,560,2021,March
CUST01586,Customer_1586,Hyderabad,2021-10-08,28,2021,October
CUST01587,Customer_1587,Ahmedabad,2022-09-06,222,2022,September
CUST01588,Customer_1588,Hyderabad,2023-05-22,2265,2023,May
CUST01589,Customer_1589,Bangalore,2022-05-03,4767,2022,May
CUST01590,Customer_1590,Kolkata,2020-11-02,4175,2020,November
CUST01591,Customer_1591,Ahmedabad,2022-10-31,3304,2022,October
CUST01592,Customer_1592,Ahmedabad,2022-11-05,3124,2022,November
CUST01593,Customer_1593,Bangalore,2020-11-09,250,2020,November
CUST01594,Customer_1594,Pune,2023-01-24,3162,2023,January
CUST01595,Customer_1595,Kolkata,2023-03-18,689,2023,March
CUST01596,Customer_1596,Pune,2021-10-13,10,2021,October
CUST01597,Customer_1597,Ahmedabad,2022-04-24,3591,2022,April
CUST01598,Customer_1598,Delhi,2022-04-03,4774,2022,April
CUST01599,Customer_1599,Hyderabad,2022-09-18,279,2022,September
CUST01600,Customer_1600,Kolkata,2020-05-01,895,2020,May
CUST01601,Customer_1601,Kolkata,2022-07-19,2326,2022,July
CUST01602,Customer_1602,Hyderabad,2023-11-08,1105,2023,November
CUST01603,Customer_1603,Chennai,2022-05-24,3638,2022,May
CUST01604,Customer_1604,Kolkata,2023-09-26,48,2023,September
CUST01605,Customer_1605,Mumbai,2023-04-27,3381,2023,April
CUST01606,Customer_1606,Kolkata,2021-12-31,1784,2021,December
CUST01607,Customer_1607,Bangalore,2022-10-07,2257,2022,October
CUST01608,Customer_1608,Ahmedabad,2023-11-02,3675,2023,November
CUST01609,Customer_1609,Kolkata,2021-03-15,1037,2021,March
CUST01610,Customer_1610,Mumbai,2023-10-20,1619,2023,October
CUST01611,Customer_1611,Delhi,2022-01-24,2892,2022,January
CUST01612,Customer_1612,Bangalore,2022-07-20,4913,2022,July
CUST01613,Customer_1613,Pune,2021-06-04,2108,2021,June
CUST01614,Customer_1614,Hyderabad,2022-05-22,2957,2022,May
CUST01615,Customer_1615,Ahmedabad,2020-03-22,1918,2020,March
CUST01616,Customer_1616,Bangalore,2023-02-13,1455,2023,February
CUST01617,Customer_1617,Delhi,2020-04-03,4945,2020,April
CUST01618,Customer_1618,Mumbai,2021-04-08,4639,2021,April
CUST01619,Customer_1619,Delhi,2021-07-03,4472,2021,July
CUST01620,Customer_1620,Mumbai,2021-08-03,4491,2021,August
CUST01621,Customer_1621,Chennai,2020-05-22,3707,2020,May
CUST01622,Customer_1622,Kolkata,2022-08-21,2378,2022,August
CUST01623,Customer_1623,Hyderabad,2020-02-06,4847,2020,February
CUST01624,Customer_1624,Pune,2023-07-09,1940,2023,July
CUST01625,Customer_1625,Ahmedabad,2020-01-20,2250,2020,January
CUST01626,Customer_1626,Bangalore,2022-10-02,2798,2022,October
CUST01627,Customer_1627,Pune,2020-09-01,1718,2020,September
CUST01628,Customer_1628,Pune,2023-11-08,1322,2023,November
CUST01629,Customer_1629,Hyderabad,2020-12-30,4098,2020,December
CUST01630,Customer_1630,Chennai,2021-12-16,2310,2021,December
CUST01631,Customer_1631,Mumbai,2020-12-11,1458,2020,December
CUST01632,Customer_1632,Hyderabad,2022-04-01,2076,2022,April
CUST01633,Customer_1633,Chennai,2021-04-20,2974,2021,April
CUST01634,Customer_1634,Mumbai,2023-10-21,2776,2023,October
CUST01635,Customer_1635,Hyderabad,2021-09-19,557,2021,September
CUST01636,Customer_1636,Pune,2023-04-24,2377,2023,April
CUST01637,Customer_1637,Pune,2022-08-29,249,2022,August
CUST01638,Customer_1638,Mumbai,2022-01-26,3581,2022,January
CUST01639,Customer_1639,Pune,2023-10-27,840,2023,October
CUST01640,Customer_1640,Delhi,2022-06-27,170,2022,June
CUST01641,Customer_1641,Kolkata,2022-05-04,1484,2022,May
CUST01642,Customer_1642,Delhi,2022-10-13,4116,2022,October
CUST01643,Customer_1643,Delhi,2023-01-10,1363,2023,January
CUST01644,Customer_1644,Delhi,2023-06-02,3061,2023,June
CUST01645,Customer_1645,Pune,2020-11-03,3582,2020,November
CUST01646,Customer_1646,Mumbai,2021-03-17,1875,2021,March
CUST01647,Customer_1647,Delhi,2022-01-11,2759,2022,January
CUST01648,Customer_1648,Kolkata,2023-11-06,3818,2023,November
CUST01649,Customer_1649,Hyderabad,2021-07-19,4046,2021,July
CUST01650,Customer_1650,Ahmedabad,2020-04-22,2051,2020,April
CUST01651,Customer_1651,Chennai,2021-12-15,2557,2021,December
CUST01652,Customer_1652,Mumbai,2020-09-06,414,2020,September
CUST01653,Customer_1653,Pune,2023-01-11,401,2023,January
CUST01654,Customer_1654,Hyderabad,2020-08-29,3856,2020,August
CUST01655,Customer_1655,Chennai,2023-04-01,490,2023,April
CUST01656,Customer_1656,Mumbai,2022-05-10,1168,2022,May
CUST01657,Customer_1657,Mumbai,2022-10-18,2640,2022,October
CUST01658,Customer_1658,Bangalore,2021-03-05,843,2021,March
CUST01659,Customer_1659,Chennai,2023-10-30,1570,2023,October
CUST01660,Customer_1660,Ahmedabad,2022-12-02,148,2022,December
CUST01661,Customer_1661,Mumbai,2022-09-15,647,2022,September
CUST01662,Customer_1662,Bangalore,2021-04-30,1936,2021,April
CUST01663,Customer_1663,Bangalore,2020-01-07,3767,2020,January
CUST01664,Customer_1664,Delhi,2021-09-13,1221,2021,September
CUST01665,Customer_1665,Ahmedabad,2020-11-20,880,2020,November
CUST01666,Customer_1666,Chennai,2023-12-31,2630,2023,December
CUST01667,Customer_1667,Pune,2022-05-17,4248,2022,May
CUST01668,Customer_1668,Bangalore,2021-02-11,2577,2021,February
CUST01669,Customer_1669,Ahmedabad,2020-02-25,1978,2020,February
CUST01670,Customer_1670,Chennai,2023-06-13,2139,2023,June
CUST01671,Customer_1671,Ahmedabad,2023-08-28,837,2023,August
CUST01672,Customer_1672,Mumbai,2022-12-14,806,2022,December
CUST01673,Customer_1673,Kolkata,2021-12-15,937,2021,December
CUST01674,Customer_1674,Ahmedabad,2022-01-29,4090,2022,January
CUST01675,Customer_1675,Kolkata,2021-02-12,572,2021,February
CUST01676,Customer_1676,Mumbai,2020-12-21,3514,2020,December
CUST01677,Customer_1677,Delhi,2023-09-15,3013,2023,September
CUST01678,Customer_1678,Pune,2020-09-05,2619,2020,September
CUST01679,Customer_1679,Kolkata,2023-12-23,4305,2023,December
CUST01680,Customer_1680,Kolkata,2022-07-05,1955,2022,July
CUST01681,Customer_1681,Ahmedabad,2023-01-12,3410,2023,January
CUST01682,Customer_1682,Delhi,2022-09-18,462,2022,September
CUST01683,Customer_1683,Chennai,2021-10-05,2008,2021,October
CUST01684,Customer_1684,Delhi,2023-05-04,1632,2023,May
CUST01685,Customer_1685,Hyderabad,2020-04-03,4704,2020,April
CUST01686,Customer_1686,Ahmedabad,2023-10-15,1823,2023,October
CUST01687,Customer_1687,Hyderabad,2020-11-05,3140,2020,November
CUST01688,Customer_1688,Chennai,2020-02-10,3752,2020,February
CUST01689,Customer_1689,Mumbai,2021-09-03,0,2021,September
CUST01690,Customer_1690,Kolkata,2020-08-06,319,2020,August
CUST01691,Customer_1691,Pune,2022-12-03,3208,2022,December
CUST01692,Customer_1692,Bangalore,2021-04-11,2041,2021,April
CUST01693,Customer_1693,Bangalore,2020-03-20,1322,2020,March
CUST01694,Customer_1694,Mumbai,2020-02-05,1665,2020,February
CUST01695,Customer_1695,Mumbai,2023-04-09,3659,2023,April
CUST01696,Customer_1696,Delhi,2021-07-14,3997,2021,July
CUST01697,Customer_1697,Ahmedabad,2020-08-31,578,2020,August
CUST01698,Customer_1698,Bangalore,2022-08-23,427,2022,August
CUST01699,Customer_1699,Hyderabad,2023-06-02,2690,2023,June
CUST01700,Customer_1700,Chennai,2021-05-14,2492,2021,May
CUST01701,Customer_1701,Chennai,2022-07-05,3703,2022,July
CUST01702,Customer_1702,Pune,2021-01-10,3696,2021,January
CUST01703,Customer_1703,Pune,2023-01-20,4377,2023,January
CUST01704,Customer_1704,Delhi,2022-10-10,2252,2022,October
CUST01705,Customer_1705,Delhi,2023-04-15,1601,2023,April
CUST01706,Customer_1706,Bangalore,2022-07-06,1473,2022,July
CUST01707,Customer_1707,Pune,2022-11-08,3681,2022,November
CUST01708,Customer_1708,Mumbai,2024-01-02,219,2024,January
CUST01709,Customer_1709,Delhi,2021-05-18,530,2021,May
CUST01710,Customer_1710,Pune,2022-04-14,4283,2022,April
CUST01711,Customer_1711,Pune,2023-01-17,3310,2023,January
CUST01712,Customer_1712,Hyderabad,2020-01-19,549,2020,January
CUST01713,Customer_1713,Hyderabad,2020-07-17,2850,2020,July
CUST01714,Customer_1714,Mumbai,2023-03-10,1587,2023,March
CUST01715,Customer_1715,Bangalore,2021-05-17,3384,2021,May
CUST01716,Customer_1716,Mumbai,2023-11-17,211,2023,November
CUST01717,Customer_1717,Chennai,2022-11-06,1109,2022,November
CUST01718,Customer_1718,Delhi,2020-05-21,1749,2020,May
CUST01719,Customer_1719,Mumbai,2024-01-14,2908,2024,January
CUST01720,Customer_1720,Mumbai,2023-10-26,3352,2023,October
CUST01721,Customer_1721,Delhi,2023-07-13,301,2023,July
CUST01722,Customer_1722,Hyderabad,2023-01-18,3476,2023,January
CUST01723,Customer_1723,Chennai,2023-04-30,1335,2023,April
CUST01724,Customer_1724,Chennai,2022-05-17,4334,2022,May
CUST01725,Customer_1725,Bangalore,2021-05-25,1695,2021,May
CUST01726,Customer_1726,Mumbai,2023-02-12,4840,2023,February
CUST01727,Customer_1727,Hyderabad,2023-05-27,1642,2023,May
CUST01728,Customer_1728,Mumbai,2023-11-10,4314,2023,November
CUST01729,Customer_1729,Mumbai,2020-12-01,3109,2020,December
CUST01730,Customer_1730,Mumbai,2023-10-14,4638,2023,October
CUST01731,Customer_1731,Delhi,2020-04-05,4141,2020,April
CUST01732,Customer_1732,Kolkata,2022-10-06,1015,2022,October
CUST01733,Customer_1733,Chennai,2023-12-26,1027,2023,December
CUST01734,Customer_1734,Bangalore,2021-11-11,1044,2021,November
CUST01735,Customer_1735,Pune,2021-04-12,307,2021,April
CUST01736,Customer_1736,Pune,2020-01-03,82,2020,January
CUST01737,Customer_1737,Hyderabad,2020-11-16,112,2020,November
CUST01738,Customer_1738,Bangalore,2021-02-11,3229,2021,February
CUST01739,Customer_1739,Delhi,2024-02-06,4847,2024,February
CUST01740,Customer_1740,Chennai,2021-09-25,4251,2021,September
CUST01741,Customer_1741,Chennai,2020-01-01,2365,2020,January
CUST01742,Customer_1742,Bangalore,2022-08-25,4954,2022,August
CUST01743,Customer_1743,Kolkata,2020-09-16,1978,2020,September
CUST01744,Customer_1744,Delhi,2021-01-18,4121,2021,January
CUST01745,Customer_1745,Bangalore,2020-10-14,1297,2020,October
CUST01746,Customer_1746,Bangalore,2021-11-30,4061,2021,November
CUST01747,Customer_1747,Ahmedabad,2022-08-04,3762,2022,August
CUST01748,Customer_1748,Mumbai,2020-07-09,3043,2020,July
CUST01749,Customer_1749,Chennai,2022-10-01,3505,2022,October
CUST01750,Customer_1750,Bangalore,2023-12-01,1410,2023,December
CUST01751,Customer_1751,Bangalore,2021-02-24,4552,2021,February
CUST01752,Customer_1752,Chennai,2023-05-08,2388,2023,May
CUST01753,Customer_1753,Mumbai,2024-01-01,3092,2024,January
CUST01754,Customer_1754,Bangalore,2022-12-19,847,2022,December
CUST01755,Customer_1755,Delhi,2021-10-25,1241,2021,October
CUST01756,Customer_1756,Hyderabad,2021-05-15,1036,2021,May
CUST01757,Customer_1757,Kolkata,2021-11-08,522,2021,November
CUST01758,Customer_1758,Pune,2022-01-11,4471,2022,January
CUST01759,Customer_1759,Mumbai,2021-11-07,2092,2021,November
CUST01760,Customer_1760,Delhi,2021-07-07,3028,2021,July
CUST01761,Customer_1761,Kolkata,2022-10-27,2982,2022,October
CUST01762,Customer_1762,Delhi,2020-06-07,1747,2020,June
CUST01763,Customer_1763,Delhi,2020-03-09,31,2020,March
CUST01764,Customer_1764,Ahmedabad,2021-04-30,787,2021,April
CUST01765,Customer_1765,Kolkata,2020-10-27,3351,2020,October
CUST01766,Customer_1766,Bangalore,2021-09-02,1283,2021,September
CUST01767,Customer_1767,Bangalore,2020-03-04,2757,2020,March
CUST01768,Customer_1768,Bangalore,2024-01-19,3048,2024,January
CUST01769,Customer_1769,Hyderabad,2020-06-16,4623,2020,June
CUST01770,Customer_1770,Mumbai,2020-06-08,2681,2020,June
CUST01771,Customer_1771,Hyderabad,2020-12-07,3094,2020,December
CUST01772,Customer_1772,Kolkata,2020-08-14,2502,2020,August
CUST01773,Customer_1773,Delhi,2020-03-18,3981,2020,March
CUST01774,Customer_1774,Ahmedabad,2020-11-26,958,2020,November
CUST01775,Customer_1775,Hyderabad,2020-07-17,3413,2020,July
CUST01776,Customer_1776,Pune,2020-09-09,2456,2020,September
CUST01777,Customer_1777,Bangalore,2020-06-26,4164,2020,June
CUST01778,Customer_1778,Chennai,2021-03-11,147,2021,March
CUST01779,Customer_1779,Chennai,2022-04-04,4886,2022,April
CUST01780,Customer_1780,Kolkata,2023-09-09,3709,2023,September
CUST01781,Customer_1781,Kolkata,2021-06-10,2588,2021,June
CUST01782,Customer_1782,Bangalore,2021-11-24,475,2021,November
CUST01783,Customer_1783,Delhi,2023-02-18,1433,2023,February
CUST01784,Customer_1784,Delhi,2023-11-14,152,2023,November
CUST01785,Customer_1785,Hyderabad,2023-03-23,475,2023,March
CUST01786,Customer_1786,Pune,2024-01-19,3567,2024,January
CUST01787,Customer_1787,Pune,2022-11-02,516,2022,November
CUST01788,Customer_1788,Mumbai,2020-09-16,4198,2020,September
CUST01789,Customer_1789,Kolkata,2023-12-06,2146,2023,December
CUST01790,Customer_1790,Pune,2022-03-02,2315,2022,March
CUST01791,Customer_1791,Ahmedabad,2023-04-28,1568,2023,April
CUST01792,Customer_1792,Pune,2020-12-07,2868,2020,December
CUST01793,Customer_1793,Kolkata,2021-06-14,124,2021,June
CUST01794,Customer_1794,Chennai,2020-03-31,3993,2020,March
CUST01795,Customer_1795,Chennai,2020-11-03,1229,2020,November
CUST01796,Customer_1796,Ahmedabad,2021-09-04,499,2021,September
CUST01797,Customer_1797,Bangalore,2021-02-17,724,2021,February
CUST01798,Customer_1798,Ahmedabad,2022-03-09,436,2022,March
CUST01799,Customer_1799,Ahmedabad,2021-11-07,407,2021,November
CUST01800,Customer_1800,Hyderabad,2022-01-22,1851,2022,January
CUST01801,Customer_1801,Pune,2020-12-07,3733,2020,December
CUST01802,Customer_1802,Ahmedabad,2020-12-27,2027,2020,December
CUST01803,Customer_1803,Mumbai,2023-03-18,699,2023,March
CUST01804,Customer_1804,Bangalore,2022-09-15,2202,2022,September
CUST01805,Customer_1805,Mumbai,2021-11-13,4318,2021,November
CUST01806,Customer_1806,Ahmedabad,2020-03-08,4366,2020,March
CUST01807,Customer_1807,Kolkata,2021-06-09,4358,2021,June
CUST01808,Customer_1808,Hyderabad,2022-10-08,1220,2022,October
CUST01809,Customer_1809,Bangalore,2023-06-05,2610,2023,June
CUST01810,Customer_1810,Ahmedabad,2020-09-29,2672,2020,September
CUST01811,Customer_1811,Pune,2020-11-27,4909,2020,November
CUST01812,Customer_1812,Delhi,2020-03-30,3815,2020,March
CUST01813,Customer_1813,Delhi,2023-11-28,4183,2023,November
CUST01814,Customer_1814,Pune,2024-01-05,1753,2024,January
CUST01815,Customer_1815,Ahmedabad,2021-12-30,1640,2021,December
CUST01816,Customer_1816,Ahmedabad,2023-12-13,2764,2023,December
CUST01817,Customer_1817,Kolkata,2021-03-22,3791,2021,March
CUST01818,Customer_1818,Mumbai,2023-08-13,2891,2023,August
CUST01819,Customer_1819,Delhi,2021-05-16,1369,2021,May
CUST01820,Customer_1820,Bangalore,2020-11-19,2052,2020,November
CUST01821,Customer_1821,Hyderabad,2022-05-19,2660,2022,May
CUST01822,Customer_1822,Delhi,2021-09-19,710,2021,September
CUST01823,Customer_1823,Ahmedabad,2023-11-29,4035,2023,November
CUST01824,Customer_1824,Bangalore,2020-08-02,3732,2020,August
CUST01825,Customer_1825,Hyderabad,2022-08-12,4499,2022,August
CUST01826,Customer_1826,Hyderabad,2020-06-16,1852,2020,June
CUST01827,Customer_1827,Bangalore,2021-04-24,115,2021,April
CUST01828,Customer_1828,Bangalore,2023-06-23,2536,2023,June
CUST01829,Customer_1829,Mumbai,2023-08-06,3203,2023,August
CUST01830,Customer_1830,Pune,2023-09-27,4849,2023,September
CUST01831,Customer_1831,Kolkata,2023-08-28,1701,2023,August
CUST01832,Customer_1832,Kolkata,2021-06-24,2049,2021,June
CUST01833,Customer_1833,Ahmedabad,2021-03-08,1098,2021,March
CUST01834,Customer_1834,Ahmedabad,2021-07-29,400,2021,July
CUST01835,Customer_1835,Mumbai,2021-06-03,3854,2021,June
CUST01836,Customer_1836,Kolkata,2020-05-20,193,2020,May
CUST01837,Customer_1837,Ahmedabad,2021-04-25,4431,2021,April
CUST01838,Customer_1838,Delhi,2023-11-22,4319,2023,November
CUST01839,Customer_1839,Pune,2020-09-23,1876,2020,September
CUST01840,Customer_1840,Pune,2022-11-24,1075,2022,November
CUST01841,Customer_1841,Chennai,2022-06-26,2919,2022,June
CUST01842,Customer_1842,Bangalore,2023-10-16,4465,2023,October
CUST01843,Customer_1843,Pune,2023-02-25,2100,2023,February
CUST01844,Customer_1844,Hyderabad,2022-10-03,1423,2022,October
CUST01845,Customer_1845,Mumbai,2022-02-23,3840,2022,February
CUST01846,Customer_1846,Chennai,2024-01-28,3170,2024,January
CUST01847,Customer_1847,Mumbai,2023-08-22,6,2023,August
CUST01848,Customer_1848,Bangalore,2020-07-06,2046,2020,July
CUST01849,Customer_1849,Pune,2020-08-18,973,2020,August
CUST01850,Customer_1850,Bangalore,2022-10-16,4620,2022,October
CUST01851,Customer_1851,Hyderabad,2020-05-01,2787,2020,May
CUST01852,Customer_1852,Bangalore,2022-02-04,3229,2022,February
CUST01853,Customer_1853,Bangalore,2020-02-26,2407,2020,February
CUST01854,Customer_1854,Mumbai,2020-04-07,2695,2020,April
CUST01855,Customer_1855,Delhi,2020-02-19,3376,2020,February
CUST01856,Customer_1856,Chennai,2021-09-25,2125,2021,September
CUST01857,Customer_1857,Mumbai,2021-11-06,1899,2021,November
CUST01858,Customer_1858,Kolkata,2023-03-25,4887,2023,March
CUST01859,Customer_1859,Mumbai,2023-08-01,1357,2023,August
CUST01860,Customer_1860,Delhi,2022-01-07,4515,2022,January
CUST01861,Customer_1861,Hyderabad,2023-05-16,1625,2023,May
CUST01862,Customer_1862,Bangalore,2020-11-13,4335,2020,November
CUST01863,Customer_1863,Kolkata,2022-07-07,842,2022,July
CUST01864,Customer_1864,Pune,2023-10-07,33,2023,October
CUST01865,Customer_1865,Bangalore,2021-04-30,1979,2021,April
CUST01866,Customer_1866,Mumbai,2021-02-07,2546,2021,February
CUST01867,Customer_1867,Mumbai,2022-10-08,85,2022,October
CUST01868,Customer_1868,Pune,2021-04-13,2626,2021,April
CUST01869,Customer_1869,Kolkata,2021-05-27,560,2021,May
CUST01870,Customer_1870,Hyderabad,2023-12-01,1737,2023,December
CUST01871,Customer_1871,Kolkata,2021-03-22,1471,2021,March
CUST01872,Customer_1872,Delhi,2023-11-13,2322,2023,November
CUST01873,Customer_1873,Mumbai,2021-08-30,1991,2021,August
CUST01874,Customer_1874,Pune,2023-08-07,1988,2023,August
CUST01875,Customer_1875,Mumbai,2020-07-06,3937,2020,July
CUST01876,Customer_1876,Chennai,2020-03-01,2563,2020,March
CUST01877,Customer_1877,Mumbai,2023-05-16,2721,2023,May
CUST01878,Customer_1878,Hyderabad,2022-01-22,2345,2022,January
CUST01879,Customer_1879,Bangalore,2020-07-24,880,2020,July
CUST01880,Customer_1880,Ahmedabad,2022-06-17,4613,2022,June
CUST01881,Customer_1881,Ahmedabad,2021-09-05,3281,2021,September
CUST01882,Customer_1882,Chennai,2020-01-11,428,2020,January
CUST01883,Customer_1883,Ahmedabad,2021-03-07,3286,2021,March
CUST01884,Customer_1884,Chennai,2020-02-10,586,2020,February
CUST01885,Customer_1885,Ahmedabad,2022-03-19,1846,2022,March
CUST01886,Customer_1886,Bangalore,2023-09-22,3488,2023,September
CUST01887,Customer_1887,Chennai,2020-02-26,2554,2020,February
CUST01888,Customer_1888,Hyderabad,2022-09-13,1564,2022,September
CUST01889,Customer_1889,Chennai,2023-10-15,2565,2023,October
CUST01890,Customer_1890,Chennai,2021-03-07,3875,2021,March
CUST01891,Customer_1891,Kolkata,2020-04-09,4352,2020,April
CUST01892,Customer_1892,Delhi,2023-10-22,2016,2023,October
CUST01893,Customer_1893,Delhi,2023-09-11,3199,2023,September
CUST01894,Customer_1894,Hyderabad,2023-05-10,328,2023,May
CUST01895,Customer_1895,Bangalore,2023-09-15,3340,2023,September
CUST01896,Customer_1896,Kolkata,2022-10-15,4714,2022,October
CUST01897,Customer_1897,Chennai,2022-07-25,492,2022,July
CUST01898,Customer_1898,Hyderabad,2020-02-21,944,2020,February
CUST01899,Customer_1899,Hyderabad,2023-08-03,1115,2023,August
CUST01900,Customer_1900,Mumbai,2021-09-09,2488,2021,September
CUST01901,Customer_1901,Pune,2020-01-24,266,2020,January
CUST01902,Customer_1902,Pune,2020-08-16,4809,2020,August
CUST01903,Customer_1903,Chennai,2024-01-09,2829,2024,January
CUST01904,Customer_1904,Mumbai,2020-05-07,3208,2020,May
CUST01905,Customer_1905,Hyderabad,2022-01-16,4943,2022,January
CUST01906,Customer_1906,Bangalore,2021-05-05,3625,2021,May
CUST01907,Customer_1907,Pune,2020-07-30,1537,2020,July
CUST01908,Customer_1908,Pune,2020-09-07,4974,2020,September
CUST01909,Customer_1909,Pune,2023-11-24,769,2023,November
CUST01910,Customer_1910,Mumbai,2023-09-18,4981,2023,September
CUST01911,Customer_1911,Bangalore,2020-02-27,531,2020,February
CUST01912,Customer_1912,Pune,2021-01-04,3300,2021,January
CUST01913,Customer_1913,Pune,2020-05-21,4505,2020,May
CUST01914,Customer_1914,Pune,2022-03-19,2471,2022,March
CUST01915,Customer_1915,Delhi,2021-01-25,472,2021,January
CUST01916,Customer_1916,Ahmedabad,2023-04-12,2154,2023,April
CUST01917,Customer_1917,Chennai,2023-08-26,1093,2023,August
CUST01918,Customer_1918,Kolkata,2020-11-26,2625,2020,November
CUST01919,Customer_1919,Kolkata,2020-01-18,3623,2020,January
CUST01920,Customer_1920,Mumbai,2023-12-27,4018,2023,December
CUST01921,Customer_1921,Hyderabad,2023-11-19,2716,2023,November
CUST01922,Customer_1922,Kolkata,2021-06-26,4516,2021,June
CUST01923,Customer_1923,Ahmedabad,2021-09-19,2767,2021,September
CUST01924,Customer_1924,Chennai,2020-08-28,4750,2020,August
CUST01925,Customer_1925,Hyderabad,2021-02-10,938,2021,February
CUST01926,Customer_1926,Chennai,2020-09-08,3159,2020,September
CUST01927,Customer_1927,Ahmedabad,2022-09-25,4303,2022,September
CUST01928,Customer_1928,Ahmedabad,2020-01-30,3576,2020,January
CUST01929,Customer_1929,Kolkata,2020-03-04,810,2020,March
CUST01930,Customer_1930,Hyderabad,2020-08-17,1904,2020,August
CUST01931,Customer_1931,Chennai,2020-06-18,2142,2020,June
CUST01932,Customer_1932,Delhi,2021-05-10,2090,2021,May
CUST01933,Customer_1933,Chennai,2023-03-10,3521,2023,March
CUST01934,Customer_1934,Bangalore,2022-04-30,4518,2022,April
CUST01935,Customer_1935,Hyderabad,2020-04-28,3824,2020,April
CUST01936,Customer_1936,Delhi,2021-05-03,3448,2021,May
CUST01937,Customer_1937,Delhi,2023-03-24,1559,2023,March
CUST01938,Customer_1938,Kolkata,2022-01-13,2355,2022,January
CUST01939,Customer_1939,Pune,2021-04-19,655,2021,April
CUST01940,Customer_1940,Hyderabad,2020-01-06,3846,2020,January
CUST01941,Customer_1941,Hyderabad,2023-06-01,4824,2023,June
CUST01942,Customer_1942,Hyderabad,2021-11-27,3527,2021,November
CUST01943,Customer_1943,Bangalore,2023-12-19,2482,2023,December
CUST01944,Customer_1944,Mumbai,2020-11-18,815,2020,November
CUST01945,Customer_1945,Bangalore,2023-03-09,714,2023,March
CUST01946,Customer_1946,Kolkata,2020-05-25,4928,2020,May
CUST01947,Customer_1947,Hyderabad,2020-01-15,3698,2020,January
CUST01948,Customer_1948,Kolkata,2020-06-24,1399,2020,June
CUST01949,Customer_1949,Hyderabad,2021-08-20,1295,2021,August
CUST01950,Customer_1950,Delhi,2020-04-08,2252,2020,April
CUST01951,Customer_1951,Ahmedabad,2023-10-23,3853,2023,October
CUST01952,Customer_1952,Ahmedabad,2021-12-01,4250,2021,December
CUST01953,Customer_1953,Kolkata,2021-03-07,4178,2021,March
CUST01954,Customer_1954,Chennai,2022-03-05,2204,2022,March
CUST01955,Customer_1955,Mumbai,2023-01-11,614,2023,January
CUST01956,Customer_1956,Ahmedabad,2021-05-10,2231,2021,May
CUST01957,Customer_1957,Mumbai,2023-09-17,4860,2023,September
CUST01958,Customer_1958,Chennai,2021-05-27,2639,2021,May
CUST01959,Customer_1959,Delhi,2020-09-28,3085,2020,September
CUST01960,Customer_1960,Mumbai,2022-04-22,2803,2022,April
CUST01961,Customer_1961,Bangalore,2020-04-05,3488,2020,April
CUST01962,Customer_1962,Kolkata,2023-04-18,3228,2023,April
CUST01963,Customer_1963,Kolkata,2022-11-28,4067,2022,November
CUST01964,Customer_1964,Delhi,2023-09-20,2115,2023,September
CUST01965,Customer_1965,Hyderabad,2020-12-09,307,2020,December
CUST01966,Customer_1966,Hyderabad,2023-04-09,1249,2023,April
CUST01967,Customer_1967,Mumbai,2023-11-06,2696,2023,November
CUST01968,Customer_1968,Delhi,2023-11-22,3055,2023,November
CUST01969,Customer_1969,Bangalore,2021-05-08,2144,2021,May
CUST01970,Customer_1970,Bangalore,2022-04-15,3040,2022,April
CUST01971,Customer_1971,Chennai,2022-02-10,4050,2022,February
CUST01972,Customer_1972,Delhi,2020-11-24,4580,2020,November
CUST01973,Customer_1973,Kolkata,2023-11-25,4440,2023,November
CUST01974,Customer_1974,Kolkata,2021-08-01,1835,2021,August
CUST01975,Customer_1975,Ahmedabad,2022-03-11,3692,2022,March
CUST01976,Customer_1976,Mumbai,2024-02-01,3687,2024,February
CUST01977,Customer_1977,Mumbai,2023-10-20,4995,2023,October
CUST01978,Customer_1978,Mumbai,2020-10-20,4127,2020,October
CUST01979,Customer_1979,Bangalore,2022-10-25,295,2022,October
CUST01980,Customer_1980,Kolkata,2020-05-28,2187,2020,May
CUST01981,Customer_1981,Kolkata,2022-11-12,3150,2022,November
CUST01982,Customer_1982,Chennai,2021-11-23,4716,2021,November
CUST01983,Customer_1983,Chennai,2021-02-14,739,2021,February
CUST01984,Customer_1984,Chennai,2023-01-29,1933,2023,January
CUST01985,Customer_1985,Delhi,2023-07-08,810,2023,July
CUST01986,Customer_1986,Bangalore,2023-10-19,446,2023,October
CUST01987,Customer_1987,Ahmedabad,2020-12-16,1451,2020,December
CUST01988,Customer_1988,Ahmedabad,2021-10-30,3855,2021,October
CUST01989,Customer_1989,Pune,2021-11-24,1466,2021,November
CUST01990,Customer_1990,Delhi,2021-03-07,176,2021,March
CUST01991,Customer_1991,Mumbai,2023-08-05,4920,2023,August
CUST01992,Customer_1992,Chennai,2023-07-18,821,2023,July
CUST01993,Customer_1993,Pune,2021-08-18,2948,2021,August
CUST01994,Customer_1994,Mumbai,2021-06-19,2685,2021,June
CUST01995,Customer_1995,Ahmedabad,2020-01-09,1391,2020,January
CUST01996,Customer_1996,Ahmedabad,2022-12-22,590,2022,December
CUST01997,Customer_1997,Hyderabad,2022-04-08,4186,2022,April
CUST01998,Customer_1998,Delhi,2022-12-03,44,2022,December
CUST01999,Customer_1999,Bangalore,2022-06-06,3867,2022,June
CUST02000,Customer_2000,Chennai,2021-12-01,3802,2021,December
CUST02001,Customer_2001,Chennai,2021-04-11,2770,2021,April
CUST02002,Customer_2002,Kolkata,2023-04-30,1799,2023,April
CUST02003,Customer_2003,Kolkata,2020-05-30,1010,2020,May
CUST02004,Customer_2004,Pune,2023-03-22,4413,2023,March
CUST02005,Customer_2005,Ahmedabad,2021-03-26,1504,2021,March
CUST02006,Customer_2006,Pune,2020-08-16,4355,2020,August
CUST02007,Customer_2007,Pune,2021-12-23,2428,2021,December
CUST02008,Customer_2008,Bangalore,2023-06-09,4818,2023,June
CUST02009,Customer_2009,Chennai,2021-02-17,47,2021,February
CUST02010,Customer_2010,Pune,2022-08-16,4224,2022,August
CUST02011,Customer_2011,Bangalore,2021-02-24,1893,2021,February
CUST02012,Customer_2012,Pune,2020-08-02,1027,2020,August
CUST02013,Customer_2013,Kolkata,2022-02-06,1651,2022,February
CUST02014,Customer_2014,Hyderabad,2023-02-14,4058,2023,February
CUST02015,Customer_2015,Hyderabad,2022-02-22,549,2022,February
CUST02016,Customer_2016,Kolkata,2023-05-05,2278,2023,May
CUST02017,Customer_2017,Kolkata,2023-04-06,3561,2023,April
CUST02018,Customer_2018,Pune,2021-09-29,1734,2021,September
CUST02019,Customer_2019,Ahmedabad,2021-11-11,3740,2021,November
CUST02020,Customer_2020,Kolkata,2020-06-19,1755,2020,June
CUST02021,Customer_2021,Hyderabad,2021-06-23,1748,2021,June
CUST02022,Customer_2022,Pune,2022-02-23,3676,2022,February
CUST02023,Customer_2023,Kolkata,2023-10-03,3362,2023,October
CUST02024,Customer_2024,Pune,2023-06-03,2859,2023,June
CUST02025,Customer_2025,Pune,2021-08-24,1346,2021,August
CUST02026,Customer_2026,Delhi,2023-02-02,4437,2023,February
CUST02027,Customer_2027,Ahmedabad,2021-08-26,3116,2021,August
CUST02028,Customer_2028,Chennai,2020-04-04,1445,2020,April
CUST02029,Customer_2029,Chennai,2021-01-22,2528,2021,January
CUST02030,Customer_2030,Ahmedabad,2021-11-05,902,2021,November
CUST02031,Customer_2031,Mumbai,2022-10-08,670,2022,October
CUST02032,Customer_2032,Pune,2023-05-03,4847,2023,May
CUST02033,Customer_2033,Chennai,2021-09-08,3717,2021,September
CUST02034,Customer_2034,Chennai,2020-08-08,1826,2020,August
CUST02035,Customer_2035,Chennai,2021-11-22,2304,2021,November
CUST02036,Customer_2036,Bangalore,2020-07-14,2574,2020,July
CUST02037,Customer_2037,Chennai,2021-05-27,2961,2021,May
CUST02038,Customer_2038,Mumbai,2023-06-03,245,2023,June
CUST02039,Customer_2039,Ahmedabad,2023-02-07,2192,2023,February
CUST02040,Customer_2040,Chennai,2023-02-05,2873,2023,February
CUST02041,Customer_2041,Mumbai,2020-11-11,2299,2020,November
CUST02042,Customer_2042,Bangalore,2022-12-30,4023,2022,December
CUST02043,Customer_2043,Bangalore,2020-05-08,1554,2020,May
CUST02044,Customer_2044,Ahmedabad,2023-04-24,1741,2023,April
CUST02045,Customer_2045,Chennai,2020-09-22,297,2020,September
CUST02046,Customer_2046,Pune,2020-03-15,1969,2020,March
CUST02047,Customer_2047,Chennai,2023-06-15,2880,2023,June
CUST02048,Customer_2048,Delhi,2022-09-22,4526,2022,September
CUST02049,Customer_2049,Pune,2022-11-26,1155,2022,November
CUST02050,Customer_2050,Mumbai,2020-09-29,4681,2020,September
CUST02051,Customer_2051,Mumbai,2023-07-20,244,2023,July
CUST02052,Customer_2052,Hyderabad,2023-11-13,2535,2023,November
CUST02053,Customer_2053,Hyderabad,2021-09-16,2318,2021,September
CUST02054,Customer_2054,Kolkata,2023-11-19,3434,2023,November
CUST02055,Customer_2055,Mumbai,2022-10-25,4050,2022,October
CUST02056,Customer_2056,Pune,2022-11-15,4034,2022,November
CUST02057,Customer_2057,Pune,2020-03-27,2542,2020,March
CUST02058,Customer_2058,Hyderabad,2023-04-13,655,2023,April
CUST02059,Customer_2059,Kolkata,2023-11-13,3869,2023,November
CUST02060,Customer_2060,Delhi,2023-12-16,431,2023,December
CUST02061,Customer_2061,Hyderabad,2022-04-20,3447,2022,April
CUST02062,Customer_2062,Chennai,2023-12-26,2770,2023,December
CUST02063,Customer_2063,Delhi,2023-11-11,3260,2023,November
CUST02064,Customer_2064,Chennai,2022-05-21,591,2022,May
CUST02065,Customer_2065,Ahmedabad,2021-10-02,1835,2021,October
CUST02066,Customer_2066,Mumbai,2023-07-17,4079,2023,July
CUST02067,Customer_2067,Delhi,2020-01-02,2467,2020,January
CUST02068,Customer_2068,Delhi,2021-07-21,2448,2021,July
CUST02069,Customer_2069,Bangalore,2022-06-20,2701,2022,June
CUST02070,Customer_2070,Pune,2023-05-13,2879,2023,May
CUST02071,Customer_2071,Mumbai,2024-01-24,4910,2024,January
CUST02072,Customer_2072,Delhi,2021-10-20,4798,2021,October
CUST02073,Customer_2073,Chennai,2020-05-11,2544,2020,May
CUST02074,Customer_2074,Bangalore,2023-01-28,735,2023,January
CUST02075,Customer_2075,Chennai,2020-09-02,4333,2020,September
CUST02076,Customer_2076,Kolkata,2023-02-26,329,2023,February
CUST02077,Customer_2077,Mumbai,2023-06-12,1557,2023,June
CUST02078,Customer_2078,Pune,2021-09-05,3286,2021,September
CUST02079,Customer_2079,Kolkata,2022-04-23,2950,2022,April
CUST02080,Customer_2080,Hyderabad,2022-05-23,1982,2022,May
CUST02081,Customer_2081,Chennai,2022-04-25,1474,2022,April
CUST02082,Customer_2082,Mumbai,2020-10-09,3061,2020,October
CUST02083,Customer_2083,Chennai,2021-04-10,4221,2021,April
CUST02084,Customer_2084,Kolkata,2023-10-28,4369,2023,October
CUST02085,Customer_2085,Chennai,2022-11-05,3706,2022,November
CUST02086,Customer_2086,Pune,2020-03-10,939,2020,March
CUST02087,Customer_2087,Chennai,2021-07-07,1625,2021,July
CUST02088,Customer_2088,Ahmedabad,2021-01-17,2550,2021,January
CUST02089,Customer_2089,Kolkata,2023-02-04,4861,2023,February
CUST02090,Customer_2090,Pune,2022-08-09,3407,2022,August
CUST02091,Customer_2091,Delhi,2020-12-10,1308,2020,December
CUST02092,Customer_2092,Pune,2021-03-04,2479,2021,March
CUST02093,Customer_2093,Pune,2024-01-13,2877,2024,January
CUST02094,Customer_2094,Mumbai,2020-05-12,1942,2020,May
CUST02095,Customer_2095,Hyderabad,2022-06-15,1798,2022,June
CUST02096,Customer_2096,Delhi,2023-11-04,1768,2023,November
CUST02097,Customer_2097,Chennai,2022-05-19,3265,2022,May
CUST02098,Customer_2098,Chennai,2020-12-11,3629,2020,December
CUST02099,Customer_2099,Mumbai,2023-12-27,4720,2023,December
CUST02100,Customer_2100,Pune,2023-06-07,1374,2023,June
CUST02101,Customer_2101,Bangalore,2020-01-14,4979,2020,January
CUST02102,Customer_2102,Ahmedabad,2023-02-16,2904,2023,February
CUST02103,Customer_2103,Pune,2021-01-31,3160,2021,January
CUST02104,Customer_2104,Kolkata,2023-01-25,1471,2023,January
CUST02105,Customer_2105,Bangalore,2021-12-25,4944,2021,December
CUST02106,Customer_2106,Ahmedabad,2021-11-07,2879,2021,November
CUST02107,Customer_2107,Bangalore,2022-10-13,4934,2022,October
CUST02108,Customer_2108,Hyderabad,2023-10-07,1513,2023,October
CUST02109,Customer_2109,Mumbai,2021-12-25,2660,2021,December
CUST02110,Customer_2110,Mumbai,2024-01-11,3797,2024,January
CUST02111,Customer_2111,Mumbai,2023-09-22,4866,2023,September
CUST02112,Customer_2112,Pune,2021-05-24,46,2021,May
CUST02113,Customer_2113,Pune,2021-05-16,1563,2021,May
CUST02114,Customer_2114,Pune,2023-12-27,3319,2023,December
CUST02115,Customer_2115,Chennai,2023-09-11,2889,2023,September
CUST02116,Customer_2116,Hyderabad,2021-04-14,2544,2021,April
CUST02117,Customer_2117,Mumbai,2022-09-27,4452,2022,September
CUST02118,Customer_2118,Chennai,2022-07-29,4677,2022,July
CUST02119,Customer_2119,Hyderabad,2022-05-23,4159,2022,May
CUST02120,Customer_2120,Chennai,2021-07-11,2100,2021,July
CUST02121,Customer_2121,Bangalore,2021-12-29,3238,2021,December
CUST02122,Customer_2122,Ahmedabad,2022-02-17,3453,2022,February
CUST02123,Customer_2123,Delhi,2022-09-01,2261,2022,September
CUST02124,Customer_2124,Pune,2021-09-21,582,2021,September
CUST02125,Customer_2125,Chennai,2022-11-01,4595,2022,November
CUST02126,Customer_2126,Kolkata,2021-07-15,1788,2021,July
CUST02127,Customer_2127,Hyderabad,2020-01-18,231,2020,January
CUST02128,Customer_2128,Ahmedabad,2023-01-26,1216,2023,January
CUST02129,Customer_2129,Bangalore,2021-02-07,450,2021,February
CUST02130,Customer_2130,Hyderabad,2022-02-18,1660,2022,February
CUST02131,Customer_2131,Bangalore,2023-02-21,4518,2023,February
CUST02132,Customer_2132,Kolkata,2022-11-09,2120,2022,November
CUST02133,Customer_2133,Mumbai,2021-08-15,4166,2021,August
CUST02134,Customer_2134,Mumbai,2022-01-18,480,2022,January
CUST02135,Customer_2135,Chennai,2022-07-10,485,2022,July
CUST02136,Customer_2136,Delhi,2021-04-06,2463,2021,April
CUST02137,Customer_2137,Delhi,2023-10-22,4741,2023,October
CUST02138,Customer_2138,Bangalore,2020-12-02,798,2020,December
CUST02139,Customer_2139,Ahmedabad,2023-06-12,3690,2023,June
CUST02140,Customer_2140,Delhi,2021-04-04,2601,2021,April
CUST02141,Customer_2141,Ahmedabad,2021-12-31,4156,2021,December
CUST02142,Customer_2142,Chennai,2022-05-18,1702,2022,May
CUST02143,Customer_2143,Delhi,2023-06-20,1646,2023,June
CUST02144,Customer_2144,Ahmedabad,2023-06-15,270,2023,June
CUST02145,Customer_2145,Kolkata,2023-08-20,4256,2023,August
CUST02146,Customer_2146,Chennai,2023-12-19,1390,2023,December
CUST02147,Customer_2147,Bangalore,2022-08-03,4681,2022,August
CUST02148,Customer_2148,Hyderabad,2021-07-08,1570,2021,July
CUST02149,Customer_2149,Mumbai,2022-05-21,2515,2022,May
CUST02150,Customer_2150,Kolkata,2023-11-27,847,2023,November
CUST02151,Customer_2151,Kolkata,2020-02-16,162,2020,February
CUST02152,Customer_2152,Hyderabad,2022-07-18,4045,2022,July
CUST02153,Customer_2153,Hyderabad,2023-11-13,2492,2023,November
CUST02154,Customer_2154,Ahmedabad,2020-08-18,4802,2020,August
CUST02155,Customer_2155,Delhi,2022-08-21,2581,2022,August
CUST02156,Customer_2156,Pune,2023-11-15,4235,2023,November
CUST02157,Customer_2157,Chennai,2021-09-10,1899,2021,September
CUST02158,Customer_2158,Ahmedabad,2022-03-19,3676,2022,March
CUST02159,Customer_2159,Delhi,2022-07-31,1804,2022,July
CUST02160,Customer_2160,Pune,2020-11-10,831,2020,November
CUST02161,Customer_2161,Hyderabad,2022-02-04,4959,2022,February
CUST02162,Customer_2162,Chennai,2020-08-23,1185,2020,August
CUST02163,Customer_2163,Kolkata,2021-06-07,2417,2021,June
CUST02164,Customer_2164,Delhi,2020-02-07,4811,2020,February
CUST02165,Customer_2165,Ahmedabad,2021-12-25,1713,2021,December
CUST02166,Customer_2166,Chennai,2020-12-06,3407,2020,December
CUST02167,Customer_2167,Mumbai,2023-06-23,4896,2023,June
CUST02168,Customer_2168,Bangalore,2021-12-30,1338,2021,December
CUST02169,Customer_2169,Kolkata,2020-07-09,785,2020,July
CUST02170,Customer_2170,Delhi,2021-08-23,1347,2021,August
CUST02171,Customer_2171,Hyderabad,2020-02-09,2852,2020,February
CUST02172,Customer_2172,Chennai,2021-07-14,4578,2021,July
CUST02173,Customer_2173,Delhi,2021-06-18,1310,2021,June
CUST02174,Customer_2174,Chennai,2020-02-03,374,2020,February
CUST02175,Customer_2175,Delhi,2023-02-10,2592,2023,February
CUST02176,Customer_2176,Pune,2020-09-25,2237,2020,September
CUST02177,Customer_2177,Delhi,2022-01-14,2360,2022,January
CUST02178,Customer_2178,Pune,2023-03-04,2369,2023,March
CUST02179,Customer_2179,Ahmedabad,2022-02-28,3237,2022,February
CUST02180,Customer_2180,Ahmedabad,2021-05-08,1784,2021,May
CUST02181,Customer_2181,Chennai,2021-01-06,851,2021,January
CUST02182,Customer_2182,Delhi,2021-09-16,4716,2021,September
CUST02183,Customer_2183,Pune,2021-11-25,3673,2021,November
CUST02184,Customer_2184,Bangalore,2020-09-15,4277,2020,September
CUST02185,Customer_2185,Kolkata,2022-04-09,3430,2022,April
CUST02186,Customer_2186,Pune,2022-09-29,2236,2022,September
CUST02187,Customer_2187,Ahmedabad,2020-12-04,1914,2020,December
CUST02188,Customer_2188,Delhi,2022-02-03,4234,2022,February
CUST02189,Customer_2189,Pune,2020-03-11,2961,2020,March
CUST02190,Customer_2190,Mumbai,2023-01-30,3561,2023,January
CUST02191,Customer_2191,Chennai,2023-12-12,267,2023,December
CUST02192,Customer_2192,Bangalore,2023-10-19,922,2023,October
CUST02193,Customer_2193,Bangalore,2022-04-17,3788,2022,April
CUST02194,Customer_2194,Hyderabad,2021-12-16,504,2021,December
CUST02195,Customer_2195,Mumbai,2021-05-01,1763,2021,May
CUST02196,Customer_2196,Kolkata,2023-08-28,2585,2023,August
CUST02197,Customer_2197,Delhi,2021-04-08,137,2021,April
CUST02198,Customer_2198,Pune,2021-05-27,2734,2021,May
CUST02199,Customer_2199,Kolkata,2021-09-28,23,2021,September
CUST02200,Customer_2200,Pune,2021-08-29,3163,2021,August
CUST02201,Customer_2201,Pune,2022-05-23,2270,2022,May
CUST02202,Customer_2202,Pune,2023-10-25,4140,2023,October
CUST02203,Customer_2203,Pune,2021-11-16,91,2021,November
CUST02204,Customer_2204,Delhi,2023-11-22,3160,2023,November
CUST02205,Customer_2205,Kolkata,2020-03-11,4751,2020,March
CUST02206,Customer_2206,Pune,2021-05-26,573,2021,May
CUST02207,Customer_2207,Mumbai,2020-03-26,4687,2020,March
CUST02208,Customer_2208,Chennai,2022-07-18,908,2022,July
CUST02209,Customer_2209,Mumbai,2021-05-27,3159,2021,May
CUST02210,Customer_2210,Pune,2022-01-02,2090,2022,January
CUST02211,Customer_2211,Bangalore,2021-11-03,1176,2021,November
CUST02212,Customer_2212,Chennai,2022-12-21,749,2022,December
CUST02213,Customer_2213,Hyderabad,2023-07-10,3715,2023,July
CUST02214,Customer_2214,Bangalore,2020-08-26,3039,2020,August
CUST02215,Customer_2215,Hyderabad,2023-05-23,2626,2023,May
CUST02216,Customer_2216,Hyderabad,2021-09-15,345,2021,September
CUST02217,Customer_2217,Hyderabad,2023-07-02,3704,2023,July
CUST02218,Customer_2218,Delhi,2021-04-21,551,2021,April
CUST02219,Customer_2219,Bangalore,2022-08-22,287,2022,August
CUST02220,Customer_2220,Mumbai,2023-08-13,3684,2023,August
CUST02221,Customer_2221,Bangalore,2022-03-23,1404,2022,March
CUST02222,Customer_2222,Bangalore,2022-03-25,3853,2022,March
CUST02223,Customer_2223,Bangalore,2022-05-30,2957,2022,May
CUST02224,Customer_2224,Ahmedabad,2022-11-25,235,2022,November
CUST02225,Customer_2225,Mumbai,2021-08-06,1872,2021,August
CUST02226,Customer_2226,Mumbai,2021-06-11,1037,2021,June
CUST02227,Customer_2227,Ahmedabad,2021-01-13,1592,2021,January
CUST02228,Customer_2228,Chennai,2020-12-29,1965,2020,December
CUST02229,Customer_2229,Mumbai,2022-10-29,3898,2022,October
CUST02230,Customer_2230,Mumbai,2022-11-15,205,2022,November
CUST02231,Customer_2231,Ahmedabad,2021-09-27,928,2021,September
CUST02232,Customer_2232,Ahmedabad,2023-01-10,3822,2023,January
CUST02233,Customer_2233,Delhi,2020-06-04,3968,2020,June
CUST02234,Customer_2234,Mumbai,2023-08-09,4250,2023,August
CUST02235,Customer_2235,Hyderabad,2022-02-14,2707,2022,February
CUST02236,Customer_2236,Mumbai,2020-03-28,1182,2020,March
CUST02237,Customer_2237,Ahmedabad,2020-05-15,1642,2020,May
CUST02238,Customer_2238,Delhi,2023-05-03,3798,2023,May
CUST02239,Customer_2239,Bangalore,2020-10-25,1947,2020,October
CUST02240,Customer_2240,Bangalore,2022-02-15,2810,2022,February
CUST02241,Customer_2241,Delhi,2022-05-31,2672,2022,May
CUST02242,Customer_2242,Ahmedabad,2020-04-14,4159,2020,April
CUST02243,Customer_2243,Ahmedabad,2021-01-02,4930,2021,January
CUST02244,Customer_2244,Mumbai,2023-10-14,568,2023,October
CUST02245,Customer_2245,Delhi,2023-07-22,2585,2023,July
CUST02246,Customer_2246,Hyderabad,2023-04-20,826,2023,April
CUST02247,Customer_2247,Pune,2021-12-14,911,2021,December
CUST02248,Customer_2248,Chennai,2023-06-09,1481,2023,June
CUST02249,Customer_2249,Pune,2023-10-12,976,2023,October
CUST02250,Customer_2250,Hyderabad,2021-10-30,4468,2021,October
CUST02251,Customer_2251,Hyderabad,2022-10-21,3060,2022,October
CUST02252,Customer_2252,Chennai,2023-07-10,1060,2023,July
CUST02253,Customer_2253,Chennai,2023-08-13,2245,2023,August
CUST02254,Customer_2254,Ahmedabad,2021-08-25,2751,2021,August
CUST02255,Customer_2255,Bangalore,2020-09-25,1149,2020,September
CUST02256,Customer_2256,Kolkata,2021-02-28,2691,2021,February
CUST02257,Customer_2257,Mumbai,2020-12-04,1536,2020,December
CUST02258,Customer_2258,Delhi,2021-12-11,2770,2021,December
CUST02259,Customer_2259,Pune,2022-02-16,633,2022,February
CUST02260,Customer_2260,Hyderabad,2020-04-21,2112,2020,April
CUST02261,Customer_2261,Hyderabad,2023-08-20,4425,2023,August
CUST02262,Customer_2262,Mumbai,2022-07-20,3990,2022,July
CUST02263,Customer_2263,Kolkata,2022-07-01,4491,2022,July
CUST02264,Customer_2264,Hyderabad,2022-01-15,3110,2022,January
CUST02265,Customer_2265,Pune,2020-03-27,492,2020,March
CUST02266,Customer_2266,Hyderabad,2023-03-07,2487,2023,March
CUST02267,Customer_2267,Hyderabad,2022-05-07,1307,2022,May
CUST02268,Customer_2268,Delhi,2020-02-28,3243,2020,February
CUST02269,Customer_2269,Ahmedabad,2021-12-01,1099,2021,December
CUST02270,Customer_2270,Kolkata,2020-11-04,2762,2020,November
CUST02271,Customer_2271,Mumbai,2021-05-02,4844,2021,May
CUST02272,Customer_2272,Hyderabad,2023-12-01,20,2023,December
CUST02273,Customer_2273,Pune,2021-12-21,740,2021,December
CUST02274,Customer_2274,Delhi,2021-01-31,1184,2021,January
CUST02275,Customer_2275,Pune,2021-03-22,2577,2021,March
CUST02276,Customer_2276,Delhi,2022-04-25,3104,2022,April
CUST02277,Customer_2277,Mumbai,2021-05-31,2031,2021,May
CUST02278,Customer_2278,Bangalore,2022-10-05,2022,2022,October
CUST02279,Customer_2279,Mumbai,2023-01-16,4818,2023,January
CUST02280,Customer_2280,Kolkata,2023-07-11,4020,2023,July
CUST02281,Customer_2281,Bangalore,2022-12-24,4923,2022,December
CUST02282,Customer_2282,Bangalore,2021-11-18,791,2021,November
CUST02283,Customer_2283,Bangalore,2021-08-08,4580,2021,August
CUST02284,Customer_2284,Ahmedabad,2021-05-28,1961,2021,May
CUST02285,Customer_2285,Kolkata,2021-06-05,1376,2021,June
CUST02286,Customer_2286,Delhi,2022-06-18,2198,2022,June
CUST02287,Customer_2287,Chennai,2022-01-12,2814,2022,January
CUST02288,Customer_2288,Delhi,2021-12-05,8,2021,December
CUST02289,Customer_2289,Delhi,2022-10-12,4223,2022,October
CUST02290,Customer_2290,Pune,2020-12-21,4145,2020,December
CUST02291,Customer_2291,Ahmedabad,2023-08-23,3540,2023,August
CUST02292,Customer_2292,Kolkata,2023-12-10,2002,2023,December
CUST02293,Customer_2293,Hyderabad,2020-07-22,2151,2020,July
CUST02294,Customer_2294,Pune,2022-07-30,4437,2022,July
CUST02295,Customer_2295,Hyderabad,2022-09-28,4708,2022,September
CUST02296,Customer_2296,Hyderabad,2020-08-01,269,2020,August
CUST02297,Customer_2297,Ahmedabad,2021-03-16,4722,2021,March
CUST02298,Customer_2298,Chennai,2021-10-20,207,2021,October
CUST02299,Customer_2299,Kolkata,2022-10-05,1292,2022,October
CUST02300,Customer_2300,Chennai,2020-10-30,3159,2020,October
CUST02301,Customer_2301,Kolkata,2021-03-21,3926,2021,March
CUST02302,Customer_2302,Mumbai,2020-11-19,1731,2020,November
CUST02303,Customer_2303,Ahmedabad,2020-04-23,2212,2020,April
CUST02304,Customer_2304,Bangalore,2023-04-03,2576,2023,April
CUST02305,Customer_2305,Bangalore,2022-06-10,1970,2022,June
CUST02306,Customer_2306,Kolkata,2022-01-10,3401,2022,January
CUST02307,Customer_2307,Delhi,2021-12-09,1362,2021,December
CUST02308,Customer_2308,Pune,2020-04-10,461,2020,April
CUST02309,Customer_2309,Ahmedabad,2021-02-23,3736,2021,February
CUST02310,Customer_2310,Hyderabad,2020-05-06,1217,2020,May
CUST02311,Customer_2311,Kolkata,2022-12-13,2548,2022,December
CUST02312,Customer_2312,Bangalore,2021-01-07,2137,2021,January
CUST02313,Customer_2313,Chennai,2020-11-23,1616,2020,November
CUST02314,Customer_2314,Pune,2023-09-05,3313,2023,September
CUST02315,Customer_2315,Pune,2020-07-13,4823,2020,July
CUST02316,Customer_2316,Mumbai,2020-05-18,2998,2020,May
CUST02317,Customer_2317,Kolkata,2022-09-04,3144,2022,September
CUST02318,Customer_2318,Chennai,2020-08-23,785,2020,August
CUST02319,Customer_2319,Chennai,2023-02-25,4361,2023,February
CUST02320,Customer_2320,Ahmedabad,2022-08-02,3156,2022,August
CUST02321,Customer_2321,Ahmedabad,2022-09-27,4253,2022,September
CUST02322,Customer_2322,Hyderabad,2021-05-11,2192,2021,May
CUST02323,Customer_2323,Chennai,2023-02-08,3635,2023,February
CUST02324,Customer_2324,Kolkata,2022-06-04,3631,2022,June
CUST02325,Customer_2325,Pune,2023-07-13,2051,2023,July
CUST02326,Customer_2326,Mumbai,2022-04-03,4544,2022,April
CUST02327,Customer_2327,Chennai,2020-03-18,269,2020,March
CUST02328,Customer_2328,Chennai,2023-05-04,4419,2023,May
CUST02329,Customer_2329,Ahmedabad,2023-01-05,965,2023,January
CUST02330,Customer_2330,Kolkata,2021-05-25,4667,2021,May
CUST02331,Customer_2331,Pune,2023-08-05,1864,2023,August
CUST02332,Customer_2332,Mumbai,2022-12-16,4506,2022,December
CUST02333,Customer_2333,Hyderabad,2020-10-15,1352,2020,October
CUST02334,Customer_2334,Kolkata,2022-12-05,3677,2022,December
CUST02335,Customer_2335,Delhi,2023-05-25,3400,2023,May
CUST02336,Customer_2336,Mumbai,2020-08-19,2843,2020,August
CUST02337,Customer_2337,Hyderabad,2022-06-10,393,2022,June
CUST02338,Customer_2338,Ahmedabad,2021-02-06,3354,2021,February
CUST02339,Customer_2339,Mumbai,2020-05-17,2778,2020,May
CUST02340,Customer_2340,Delhi,2023-05-10,526,2023,May
CUST02341,Customer_2341,Ahmedabad,2023-06-16,2543,2023,June
CUST02342,Customer_2342,Pune,2022-01-10,2647,2022,January
CUST02343,Customer_2343,Kolkata,2023-07-28,3188,2023,July
CUST02344,Customer_2344,Kolkata,2022-05-29,4048,2022,May
CUST02345,Customer_2345,Kolkata,2020-11-17,3019,2020,November
CUST02346,Customer_2346,Delhi,2021-12-09,1818,2021,December
CUST02347,Customer_2347,Pune,2024-01-26,4508,2024,January
CUST02348,Customer_2348,Hyderabad,2022-06-10,2335,2022,June
CUST02349,Customer_2349,Mumbai,2022-08-08,3884,2022,August
CUST02350,Customer_2350,Hyderabad,2022-08-27,728,2022,August
CUST02351,Customer_2351,Ahmedabad,2020-09-20,3104,2020,September
CUST02352,Customer_2352,Mumbai,2023-07-19,2815,2023,July
CUST02353,Customer_2353,Pune,2020-09-17,3856,2020,September
CUST02354,Customer_2354,Hyderabad,2020-12-28,4247,2020,December
CUST02355,Customer_2355,Chennai,2021-02-03,2425,2021,February
CUST02356,Customer_2356,Ahmedabad,2020-10-23,4945,2020,October
CUST02357,Customer_2357,Chennai,2023-05-01,2622,2023,May
CUST02358,Customer_2358,Kolkata,2021-01-27,3783,2021,January
CUST02359,Customer_2359,Bangalore,2022-10-27,143,2022,October
CUST02360,Customer_2360,Hyderabad,2021-10-21,1119,2021,October
CUST02361,Customer_2361,Hyderabad,2020-06-05,820,2020,June
CUST02362,Customer_2362,Ahmedabad,2023-06-01,866,2023,June
CUST02363,Customer_2363,Delhi,2020-03-22,76,2020,March
CUST02364,Customer_2364,Chennai,2020-09-15,1296,2020,September
CUST02365,Customer_2365,Kolkata,2023-09-23,4893,2023,September
CUST02366,Customer_2366,Ahmedabad,2020-06-06,3741,2020,June
CUST02367,Customer_2367,Bangalore,2022-07-26,4740,2022,July
CUST02368,Customer_2368,Ahmedabad,2020-04-03,1001,2020,April
CUST02369,Customer_2369,Mumbai,2021-12-18,4022,2021,December
CUST02370,Customer_2370,Kolkata,2022-04-18,1478,2022,April
CUST02371,Customer_2371,Bangalore,2022-06-29,4703,2022,June
CUST02372,Customer_2372,Ahmedabad,2023-12-08,3719,2023,December
CUST02373,Customer_2373,Mumbai,2020-04-18,519,2020,April
CUST02374,Customer_2374,Pune,2020-02-29,2789,2020,February
CUST02375,Customer_2375,Kolkata,2020-07-09,1077,2020,July
CUST02376,Customer_2376,Ahmedabad,2023-08-29,3571,2023,August
CUST02377,Customer_2377,Mumbai,2023-04-28,4912,2023,April
CUST02378,Customer_2378,Mumbai,2021-06-04,3532,2021,June
CUST02379,Customer_2379,Ahmedabad,2022-07-31,3640,2022,July
CUST02380,Customer_2380,Kolkata,2023-03-20,3360,2023,March
CUST02381,Customer_2381,Chennai,2020-02-16,493,2020,February
CUST02382,Customer_2382,Kolkata,2022-10-26,3315,2022,October
CUST02383,Customer_2383,Pune,2020-01-16,339,2020,January
CUST02384,Customer_2384,Ahmedabad,2022-09-18,2430,2022,September
CUST02385,Customer_2385,Ahmedabad,2020-04-17,1846,2020,April
CUST02386,Customer_2386,Pune,2022-08-29,2294,2022,August
CUST02387,Customer_2387,Ahmedabad,2023-10-01,2763,2023,October
CUST02388,Customer_2388,Ahmedabad,2021-06-04,1210,2021,June
CUST02389,Customer_2389,Hyderabad,2023-06-15,3112,2023,June
CUST02390,Customer_2390,Kolkata,2020-03-03,4384,2020,March
CUST02391,Customer_2391,Ahmedabad,2023-07-01,1751,2023,July
CUST02392,Customer_2392,Pune,2021-01-24,3731,2021,January
CUST02393,Customer_2393,Mumbai,2020-09-17,1982,2020,September
CUST02394,Customer_2394,Delhi,2020-07-21,2960,2020,July
CUST02395,Customer_2395,Hyderabad,2021-08-19,2327,2021,August
CUST02396,Customer_2396,Ahmedabad,2020-10-09,1023,2020,October
CUST02397,Customer_2397,Pune,2020-07-27,1383,2020,July
CUST02398,Customer_2398,Kolkata,2023-06-02,3915,2023,June
CUST02399,Customer_2399,Hyderabad,2023-08-30,566,2023,August
CUST02400,Customer_2400,Hyderabad,2020-02-21,1637,2020,February
CUST02401,Customer_2401,Chennai,2022-06-03,4065,2022,June
CUST02402,Customer_2402,Kolkata,2020-12-19,1930,2020,December
CUST02403,Customer_2403,Chennai,2023-04-08,3543,2023,April
CUST02404,Customer_2404,Ahmedabad,2020-03-02,3397,2020,March
CUST02405,Customer_2405,Mumbai,2023-03-08,1453,2023,March
CUST02406,Customer_2406,Bangalore,2023-12-12,346,2023,December
CUST02407,Customer_2407,Ahmedabad,2023-06-17,1619,2023,June
CUST02408,Customer_2408,Ahmedabad,2022-02-10,3035,2022,February
CUST02409,Customer_2409,Ahmedabad,2022-03-10,4786,2022,March
CUST02410,Customer_2410,Kolkata,2021-10-03,4863,2021,October
CUST02411,Customer_2411,Chennai,2023-03-24,2572,2023,March
CUST02412,Customer_2412,Mumbai,2020-09-03,4632,2020,September
CUST02413,Customer_2413,Ahmedabad,2023-05-12,2499,2023,May
CUST02414,Customer_2414,Pune,2023-08-31,243,2023,August
CUST02415,Customer_2415,Pune,2020-06-09,1687,2020,June
CUST02416,Customer_2416,Hyderabad,2021-02-27,2324,2021,February
CUST02417,Customer_2417,Hyderabad,2022-09-06,1611,2022,September
CUST02418,Customer_2418,Pune,2023-09-29,4571,2023,September
CUST02419,Customer_2419,Ahmedabad,2023-10-26,4831,2023,October
CUST02420,Customer_2420,Hyderabad,2021-06-22,1779,2021,June
CUST02421,Customer_2421,Hyderabad,2021-09-09,4033,2021,September
CUST02422,Customer_2422,Mumbai,2024-01-27,1266,2024,January
CUST02423,Customer_2423,Bangalore,2021-07-04,2875,2021,July
CUST02424,Customer_2424,Ahmedabad,2023-06-06,3375,2023,June
CUST02425,Customer_2425,Delhi,2022-12-07,2104,2022,December
CUST02426,Customer_2426,Chennai,2022-08-12,4721,2022,August
CUST02427,Customer_2427,Hyderabad,2024-02-01,4676,2024,February
CUST02428,Customer_2428,Mumbai,2020-07-04,4309,2020,July
CUST02429,Customer_2429,Delhi,2021-05-27,839,2021,May
CUST02430,Customer_2430,Delhi,2023-10-30,4852,2023,October
CUST02431,Customer_2431,Bangalore,2021-03-28,4023,2021,March
CUST02432,Customer_2432,Chennai,2023-10-29,3151,2023,October
CUST02433,Customer_2433,Ahmedabad,2021-07-22,4298,2021,July
CUST02434,Customer_2434,Kolkata,2023-11-19,4552,2023,November
CUST02435,Customer_2435,Pune,2020-05-22,2580,2020,May
CUST02436,Customer_2436,Mumbai,2020-05-03,3056,2020,May
CUST02437,Customer_2437,Delhi,2022-06-21,4045,2022,June
CUST02438,Customer_2438,Bangalore,2023-02-27,4221,2023,February
CUST02439,Customer_2439,Pune,2020-07-03,4509,2020,July
CUST02440,Customer_2440,Delhi,2020-03-02,1255,2020,March
CUST02441,Customer_2441,Chennai,2023-05-30,3685,2023,May
CUST02442,Customer_2442,Mumbai,2023-07-14,1452,2023,July
CUST02443,Customer_2443,Pune,2023-01-12,4867,2023,January
CUST02444,Customer_2444,Pune,2022-03-05,3584,2022,March
CUST02445,Customer_2445,Chennai,2021-11-25,4034,2021,November
CUST02446,Customer_2446,Chennai,2023-03-11,2046,2023,March
CUST02447,Customer_2447,Chennai,2020-08-16,3647,2020,August
CUST02448,Customer_2448,Delhi,2020-07-31,3901,2020,July
CUST02449,Customer_2449,Kolkata,2021-07-04,2529,2021,July
CUST02450,Customer_2450,Chennai,2020-11-17,3319,2020,November
CUST02451,Customer_2451,Pune,2021-08-17,2709,2021,August
CUST02452,Customer_2452,Hyderabad,2021-07-18,3903,2021,July
CUST02453,Customer_2453,Hyderabad,2023-10-19,3238,2023,October
CUST02454,Customer_2454,Ahmedabad,2020-01-12,1272,2020,January
CUST02455,Customer_2455,Delhi,2022-11-03,4815,2022,November
CUST02456,Customer_2456,Pune,2022-07-31,2351,2022,July
CUST02457,Customer_2457,Bangalore,2022-06-01,4699,2022,June
CUST02458,Customer_2458,Delhi,2020-08-07,140,2020,August
CUST02459,Customer_2459,Kolkata,2023-06-29,4281,2023,June
CUST02460,Customer_2460,Mumbai,2020-10-14,2560,2020,October
CUST02461,Customer_2461,Delhi,2022-02-12,3739,2022,February
CUST02462,Customer_2462,Mumbai,2023-08-19,2334,2023,August
CUST02463,Customer_2463,Bangalore,2023-12-10,3263,2023,December
CUST02464,Customer_2464,Pune,2021-08-03,161,2021,August
CUST02465,Customer_2465,Hyderabad,2023-03-10,2835,2023,March
CUST02466,Customer_2466,Kolkata,2023-05-22,2391,2023,May
CUST02467,Customer_2467,Chennai,2023-05-15,950,2023,May
CUST02468,Customer_2468,Bangalore,2024-01-05,3441,2024,January
CUST02469,Customer_2469,Pune,2023-09-15,3997,2023,September
CUST02470,Customer_2470,Kolkata,2023-08-24,2968,2023,August
CUST02471,Customer_2471,Bangalore,2021-08-17,4806,2021,August
CUST02472,Customer_2472,Hyderabad,2021-08-12,525,2021,August
CUST02473,Customer_2473,Ahmedabad,2021-05-01,2922,2021,May
CUST02474,Customer_2474,Pune,2020-01-23,4429,2020,January
CUST02475,Customer_2475,Bangalore,2021-10-31,3095,2021,October
CUST02476,Customer_2476,Kolkata,2022-04-27,2630,2022,April
CUST02477,Customer_2477,Chennai,2020-06-05,958,2020,June
CUST02478,Customer_2478,Ahmedabad,2021-12-30,1460,2021,December
CUST02479,Customer_2479,Hyderabad,2021-12-28,3104,2021,December
CUST02480,Customer_2480,Bangalore,2023-08-19,783,2023,August
CUST02481,Customer_2481,Chennai,2022-04-19,404,2022,April
CUST02482,Customer_2482,Pune,2021-08-07,408,2021,August
CUST02483,Customer_2483,Hyderabad,2022-02-09,2153,2022,February
CUST02484,Customer_2484,Delhi,2021-06-05,3153,2021,June
CUST02485,Customer_2485,Hyderabad,2020-08-30,3139,2020,August
CUST02486,Customer_2486,Chennai,2020-07-04,363,2020,July
CUST02487,Customer_2487,Mumbai,2020-06-27,4669,2020,June
CUST02488,Customer_2488,Mumbai,2022-01-24,3884,2022,January
CUST02489,Customer_2489,Pune,2022-10-02,3274,2022,October
CUST02490,Customer_2490,Mumbai,2021-04-23,3069,2021,April
CUST02491,Customer_2491,Ahmedabad,2022-06-20,843,2022,June
CUST02492,Customer_2492,Mumbai,2022-09-04,1975,2022,September
CUST02493,Customer_2493,Delhi,2021-12-24,1580,2021,December
CUST02494,Customer_2494,Kolkata,2021-10-08,1419,2021,October
CUST02495,Customer_2495,Hyderabad,2021-07-04,3896,2021,July
CUST02496,Customer_2496,Chennai,2020-11-25,2251,2020,November
CUST02497,Customer_2497,Delhi,2022-05-13,2075,2022,May
CUST02498,Customer_2498,Kolkata,2021-04-27,2728,2021,April
CUST02499,Customer_2499,Bangalore,2021-02-21,2159,2021,February
CUST02500,Customer_2500,Ahmedabad,2022-09-25,260,2022,September
CUST02501,Customer_2501,Delhi,2021-07-05,3105,2021,July
CUST02502,Customer_2502,Chennai,2020-03-01,4672,2020,March
CUST02503,Customer_2503,Bangalore,2020-07-25,4222,2020,July
CUST02504,Customer_2504,Mumbai,2022-11-22,4858,2022,November
CUST02505,Customer_2505,Hyderabad,2022-12-01,2793,2022,December
CUST02506,Customer_2506,Bangalore,2022-01-01,943,2022,January
CUST02507,Customer_2507,Ahmedabad,2023-11-26,4602,2023,November
CUST02508,Customer_2508,Hyderabad,2023-05-09,3204,2023,May
CUST02509,Customer_2509,Delhi,2023-12-20,2658,2023,December
CUST02510,Customer_2510,Mumbai,2022-10-18,1847,2022,October
CUST02511,Customer_2511,Hyderabad,2020-12-21,4807,2020,December
CUST02512,Customer_2512,Ahmedabad,2022-01-24,4177,2022,January
CUST02513,Customer_2513,Bangalore,2022-07-22,1074,2022,July
CUST02514,Customer_2514,Hyderabad,2024-02-05,3613,2024,February
CUST02515,Customer_2515,Chennai,2020-08-25,780,2020,August
CUST02516,Customer_2516,Chennai,2020-05-11,833,2020,May
CUST02517,Customer_2517,Pune,2023-10-18,4407,2023,October
CUST02518,Customer_2518,Kolkata,2022-10-29,1868,2022,October
CUST02519,Customer_2519,Chennai,2022-12-27,4652,2022,December
CUST02520,Customer_2520,Mumbai,2021-09-15,3620,2021,September
CUST02521,Customer_2521,Mumbai,2020-02-13,1785,2020,February
CUST02522,Customer_2522,Chennai,2021-08-18,2824,2021,August
CUST02523,Customer_2523,Hyderabad,2022-11-12,3751,2022,November
CUST02524,Customer_2524,Kolkata,2023-03-27,3228,2023,March
CUST02525,Customer_2525,Delhi,2022-02-17,4577,2022,February
CUST02526,Customer_2526,Pune,2022-01-25,3321,2022,January
CUST02527,Customer_2527,Ahmedabad,2020-12-17,1727,2020,December
CUST02528,Customer_2528,Delhi,2023-10-07,1664,2023,October
CUST02529,Customer_2529,Mumbai,2020-03-21,847,2020,March
CUST02530,Customer_2530,Hyderabad,2020-04-21,385,2020,April
CUST02531,Customer_2531,Mumbai,2021-01-18,1167,2021,January
CUST02532,Customer_2532,Ahmedabad,2023-08-08,2100,2023,August
CUST02533,Customer_2533,Mumbai,2020-02-04,234,2020,February
CUST02534,Customer_2534,Pune,2022-01-07,84,2022,January
CUST02535,Customer_2535,Ahmedabad,2022-11-01,3698,2022,November
CUST02536,Customer_2536,Kolkata,2021-11-26,3026,2021,November
CUST02537,Customer_2537,Hyderabad,2020-06-04,2986,2020,June
CUST02538,Customer_2538,Kolkata,2022-12-12,4940,2022,December
CUST02539,Customer_2539,Bangalore,2022-12-05,2710,2022,December
CUST02540,Customer_2540,Delhi,2021-10-21,1980,2021,October
CUST02541,Customer_2541,Delhi,2022-07-12,4957,2022,July
CUST02542,Customer_2542,Ahmedabad,2020-07-26,2929,2020,July
CUST02543,Customer_2543,Kolkata,2020-12-06,657,2020,December
CUST02544,Customer_2544,Chennai,2022-02-22,3288,2022,February
CUST02545,Customer_2545,Pune,2021-03-19,3088,2021,March
CUST02546,Customer_2546,Mumbai,2021-08-27,3381,2021,August
CUST02547,Customer_2547,Bangalore,2023-07-28,2384,2023,July
CUST02548,Customer_2548,Mumbai,2022-10-19,3075,2022,October
CUST02549,Customer_2549,Chennai,2020-03-21,2941,2020,March
CUST02550,Customer_2550,Ahmedabad,2021-09-17,816,2021,September
CUST02551,Customer_2551,Hyderabad,2022-11-18,3825,2022,November
CUST02552,Customer_2552,Chennai,2023-01-24,3990,2023,January
CUST02553,Customer_2553,Bangalore,2022-09-11,4447,2022,September
CUST02554,Customer_2554,Mumbai,2023-11-02,702,2023,November
CUST02555,Customer_2555,Kolkata,2023-07-18,3928,2023,July
CUST02556,Customer_2556,Hyderabad,2020-05-16,1708,2020,May
CUST02557,Customer_2557,Mumbai,2022-05-24,3871,2022,May
CUST02558,Customer_2558,Delhi,2020-08-01,3484,2020,August
CUST02559,Customer_2559,Pune,2022-05-08,442,2022,May
CUST02560,Customer_2560,Ahmedabad,2023-10-25,4650,2023,October
CUST02561,Customer_2561,Chennai,2023-07-18,2358,2023,July
CUST02562,Customer_2562,Pune,2023-07-22,2159,2023,July
CUST02563,Customer_2563,Delhi,2021-03-17,4244,2021,March
CUST02564,Customer_2564,Ahmedabad,2023-03-25,399,2023,March
CUST02565,Customer_2565,Ahmedabad,2021-03-10,4361,2021,March
CUST02566,Customer_2566,Pune,2022-02-23,3179,2022,February
CUST02567,Customer_2567,Pune,2023-06-24,2849,2023,June
CUST02568,Customer_2568,Hyderabad,2022-12-21,1099,2022,December
CUST02569,Customer_2569,Ahmedabad,2022-08-23,4153,2022,August
CUST02570,Customer_2570,Delhi,2022-02-23,663,2022,February
CUST02571,Customer_2571,Hyderabad,2021-10-03,2528,2021,October
CUST02572,Customer_2572,Hyderabad,2022-11-05,2277,2022,November
CUST02573,Customer_2573,Hyderabad,2020-06-23,4109,2020,June
CUST02574,Customer_2574,Chennai,2020-08-30,3000,2020,August
CUST02575,Customer_2575,Bangalore,2021-05-08,3455,2021,May
CUST02576,Customer_2576,Mumbai,2023-09-16,4779,2023,September
CUST02577,Customer_2577,Delhi,2020-12-26,601,2020,December
CUST02578,Customer_2578,Bangalore,2023-03-07,4090,2023,March
CUST02579,Customer_2579,Bangalore,2022-10-08,4067,2022,October
CUST02580,Customer_2580,Bangalore,2021-07-05,3685,2021,July
CUST02581,Customer_2581,Delhi,2020-01-15,1347,2020,January
CUST02582,Customer_2582,Chennai,2023-11-09,2673,2023,November
CUST02583,Customer_2583,Pune,2021-09-20,196,2021,September
CUST02584,Customer_2584,Mumbai,2020-06-10,1624,2020,June
CUST02585,Customer_2585,Bangalore,2020-04-01,1051,2020,April
CUST02586,Customer_2586,Mumbai,2020-10-01,2256,2020,October
CUST02587,Customer_2587,Kolkata,2022-01-01,2708,2022,January
CUST02588,Customer_2588,Ahmedabad,2024-02-02,4833,2024,February
CUST02589,Customer_2589,Ahmedabad,2023-12-09,1497,2023,December
CUST02590,Customer_2590,Chennai,2020-05-20,1457,2020,May
CUST02591,Customer_2591,Hyderabad,2020-10-20,2708,2020,October
CUST02592,Customer_2592,Pune,2020-08-04,3379,2020,August
CUST02593,Customer_2593,Kolkata,2021-04-20,3649,2021,April
CUST02594,Customer_2594,Bangalore,2023-01-16,1962,2023,January
CUST02595,Customer_2595,Mumbai,2022-08-25,1945,2022,August
CUST02596,Customer_2596,Hyderabad,2021-02-10,4367,2021,February
CUST02597,Customer_2597,Mumbai,2023-09-04,3705,2023,September
CUST02598,Customer_2598,Hyderabad,2021-01-25,2075,2021,January
CUST02599,Customer_2599,Kolkata,2020-12-23,3390,2020,December
CUST02600,Customer_2600,Delhi,2022-03-30,3683,2022,March
CUST02601,Customer_2601,Ahmedabad,2022-12-03,2679,2022,December
CUST02602,Customer_2602,Kolkata,2021-11-10,4408,2021,November
CUST02603,Customer_2603,Delhi,2021-08-10,3745,2021,August
CUST02604,Customer_2604,Ahmedabad,2020-10-31,4255,2020,October
CUST02605,Customer_2605,Chennai,2023-06-12,3360,2023,June
CUST02606,Customer_2606,Chennai,2020-03-24,4981,2020,March
CUST02607,Customer_2607,Ahmedabad,2022-06-19,2682,2022,June
CUST02608,Customer_2608,Bangalore,2022-08-15,1916,2022,August
CUST02609,Customer_2609,Chennai,2020-05-10,3820,2020,May
CUST02610,Customer_2610,Bangalore,2024-01-09,2085,2024,January
CUST02611,Customer_2611,Chennai,2021-09-04,3877,2021,September
CUST02612,Customer_2612,Pune,2020-03-23,3927,2020,March
CUST02613,Customer_2613,Bangalore,2023-08-14,4626,2023,August
CUST02614,Customer_2614,Chennai,2022-04-27,1929,2022,April
CUST02615,Customer_2615,Bangalore,2021-08-08,1388,2021,August
CUST02616,Customer_2616,Ahmedabad,2021-11-28,3681,2021,November
CUST02617,Customer_2617,Hyderabad,2024-01-16,4750,2024,January
CUST02618,Customer_2618,Kolkata,2022-02-01,3791,2022,February
CUST02619,Customer_2619,Chennai,2021-11-24,2883,2021,November
CUST02620,Customer_2620,Chennai,2022-09-07,4088,2022,September
CUST02621,Customer_2621,Kolkata,2020-06-21,2086,2020,June
CUST02622,Customer_2622,Hyderabad,2022-05-10,1184,2022,May
CUST02623,Customer_2623,Pune,2022-08-31,3253,2022,August
CUST02624,Customer_2624,Hyderabad,2022-09-19,3828,2022,September
CUST02625,Customer_2625,Pune,2021-04-28,3286,2021,April
CUST02626,Customer_2626,Mumbai,2023-04-16,4399,2023,April
CUST02627,Customer_2627,Delhi,2020-02-27,4072,2020,February
CUST02628,Customer_2628,Ahmedabad,2021-10-22,2397,2021,October
CUST02629,Customer_2629,Kolkata,2020-08-28,2499,2020,August
CUST02630,Customer_2630,Delhi,2020-07-17,743,2020,July
CUST02631,Customer_2631,Bangalore,2020-08-02,1037,2020,August
CUST02632,Customer_2632,Delhi,2022-08-19,208,2022,August
CUST02633,Customer_2633,Ahmedabad,2020-01-06,2706,2020,January
CUST02634,Customer_2634,Chennai,2022-04-16,3310,2022,April
CUST02635,Customer_2635,Kolkata,2020-08-16,2259,2020,August
CUST02636,Customer_2636,Kolkata,2021-02-14,1736,2021,February
CUST02637,Customer_2637,Delhi,2021-06-11,4054,2021,June
CUST02638,Customer_2638,Pune,2020-03-12,1830,2020,March
CUST02639,Customer_2639,Ahmedabad,2023-10-29,3879,2023,October
CUST02640,Customer_2640,Chennai,2023-12-27,192,2023,December
CUST02641,Customer_2641,Hyderabad,2022-12-19,1246,2022,December
CUST02642,Customer_2642,Kolkata,2020-04-25,1777,2020,April
CUST02643,Customer_2643,Kolkata,2022-07-24,4035,2022,July
CUST02644,Customer_2644,Chennai,2021-05-28,1632,2021,May
CUST02645,Customer_2645,Mumbai,2021-11-13,3316,2021,November
CUST02646,Customer_2646,Ahmedabad,2020-02-04,1696,2020,February
CUST02647,Customer_2647,Hyderabad,2023-01-18,3516,2023,January
CUST02648,Customer_2648,Mumbai,2021-08-20,2225,2021,August
CUST02649,Customer_2649,Bangalore,2020-03-24,763,2020,March
CUST02650,Customer_2650,Ahmedabad,2023-04-25,101,2023,April
CUST02651,Customer_2651,Chennai,2023-08-19,1262,2023,August
CUST02652,Customer_2652,Mumbai,2021-11-06,1372,2021,November
CUST02653,Customer_2653,Kolkata,2023-11-12,737,2023,November
CUST02654,Customer_2654,Hyderabad,2022-12-15,811,2022,December
CUST02655,Customer_2655,Chennai,2022-09-13,1331,2022,September
CUST02656,Customer_2656,Chennai,2021-05-08,2098,2021,May
CUST02657,Customer_2657,Bangalore,2023-12-26,1730,2023,December
CUST02658,Customer_2658,Ahmedabad,2022-10-01,806,2022,October
CUST02659,Customer_2659,Pune,2020-02-16,740,2020,February
CUST02660,Customer_2660,Delhi,2021-11-19,1593,2021,November
CUST02661,Customer_2661,Mumbai,2020-03-14,1327,2020,March
CUST02662,Customer_2662,Pune,2021-04-05,3759,2021,April
CUST02663,Customer_2663,Chennai,2022-11-30,1795,2022,November
CUST02664,Customer_2664,Kolkata,2020-07-31,4618,2020,July
CUST02665,Customer_2665,Kolkata,2023-11-03,4603,2023,November
CUST02666,Customer_2666,Mumbai,2023-05-11,1759,2023,May
CUST02667,Customer_2667,Kolkata,2024-02-02,2801,2024,February
CUST02668,Customer_2668,Bangalore,2020-04-25,2663,2020,April
CUST02669,Customer_2669,Bangalore,2022-10-07,500,2022,October
CUST02670,Customer_2670,Mumbai,2021-09-29,1569,2021,September
CUST02671,Customer_2671,Hyderabad,2022-06-22,114,2022,June
CUST02672,Customer_2672,Mumbai,2021-03-08,4298,2021,March
CUST02673,Customer_2673,Bangalore,2022-01-24,887,2022,January
CUST02674,Customer_2674,Mumbai,2020-12-15,4032,2020,December
CUST02675,Customer_2675,Hyderabad,2020-03-02,2159,2020,March
CUST02676,Customer_2676,Pune,2021-09-16,424,2021,September
CUST02677,Customer_2677,Pune,2022-08-12,4109,2022,August
CUST02678,Customer_2678,Delhi,2022-10-25,2494,2022,October
CUST02679,Customer_2679,Delhi,2022-08-23,3022,2022,August
CUST02680,Customer_2680,Delhi,2020-03-08,1842,2020,March
CUST02681,Customer_2681,Chennai,2022-10-21,274,2022,October
CUST02682,Customer_2682,Mumbai,2023-04-09,1554,2023,April
CUST02683,Customer_2683,Chennai,2022-05-10,1357,2022,May
CUST02684,Customer_2684,Delhi,2023-01-01,2837,2023,January
CUST02685,Customer_2685,Chennai,2024-01-02,1370,2024,January
CUST02686,Customer_2686,Hyderabad,2022-07-20,1264,2022,July
CUST02687,Customer_2687,Chennai,2023-08-09,3101,2023,August
CUST02688,Customer_2688,Hyderabad,2021-07-07,2568,2021,July
CUST02689,Customer_2689,Kolkata,2023-11-01,4137,2023,November
CUST02690,Customer_2690,Ahmedabad,2020-05-03,971,2020,May
CUST02691,Customer_2691,Pune,2021-08-21,3546,2021,August
CUST02692,Customer_2692,Pune,2022-11-22,2919,2022,November
CUST02693,Customer_2693,Ahmedabad,2023-07-13,3658,2023,July
CUST02694,Customer_2694,Pune,2021-08-16,149,2021,August
CUST02695,Customer_2695,Hyderabad,2022-05-01,181,2022,May
CUST02696,Customer_2696,Pune,2023-08-06,2946,2023,August
CUST02697,Customer_2697,Delhi,2021-04-26,2427,2021,April
CUST02698,Customer_2698,Ahmedabad,2020-03-23,1458,2020,March
CUST02699,Customer_2699,Ahmedabad,2021-11-10,3079,2021,November
CUST02700,Customer_2700,Mumbai,2021-11-26,736,2021,November
CUST02701,Customer_2701,Mumbai,2022-06-02,4404,2022,June
CUST02702,Customer_2702,Mumbai,2020-02-03,669,2020,February
CUST02703,Customer_2703,Hyderabad,2022-01-23,902,2022,January
CUST02704,Customer_2704,Ahmedabad,2022-06-12,292,2022,June
CUST02705,Customer_2705,Mumbai,2020-01-05,4687,2020,January
CUST02706,Customer_2706,Delhi,2023-06-28,1458,2023,June
CUST02707,Customer_2707,Mumbai,2021-05-07,3882,2021,May
CUST02708,Customer_2708,Hyderabad,2022-02-08,776,2022,February
CUST02709,Customer_2709,Pune,2022-02-25,2064,2022,February
CUST02710,Customer_2710,Pune,2024-02-03,3284,2024,February
CUST02711,Customer_2711,Delhi,2022-06-22,4256,2022,June
CUST02712,Customer_2712,Pune,2023-12-04,4690,2023,December
CUST02713,Customer_2713,Hyderabad,2023-12-13,468,2023,December
CUST02714,Customer_2714,Mumbai,2021-08-14,2017,2021,August
CUST02715,Customer_2715,Chennai,2023-01-03,3290,2023,January
CUST02716,Customer_2716,Delhi,2023-07-20,342,2023,July
CUST02717,Customer_2717,Delhi,2020-03-25,217,2020,March
CUST02718,Customer_2718,Mumbai,2022-07-20,3812,2022,July
CUST02719,Customer_2719,Delhi,2020-12-23,4728,2020,December
CUST02720,Customer_2720,Bangalore,2021-05-20,1123,2021,May
CUST02721,Customer_2721,Hyderabad,2020-07-29,2271,2020,July
CUST02722,Customer_2722,Ahmedabad,2023-09-05,1698,2023,September
CUST02723,Customer_2723,Delhi,2021-12-08,1169,2021,December
CUST02724,Customer_2724,Hyderabad,2021-01-25,9,2021,January
CUST02725,Customer_2725,Delhi,2023-01-10,3023,2023,January
CUST02726,Customer_2726,Delhi,2022-08-24,4336,2022,August
CUST02727,Customer_2727,Hyderabad,2021-08-15,2413,2021,August
CUST02728,Customer_2728,Ahmedabad,2020-09-02,3101,2020,September
CUST02729,Customer_2729,Pune,2020-12-17,1067,2020,December
CUST02730,Customer_2730,Pune,2023-04-05,1632,2023,April
CUST02731,Customer_2731,Ahmedabad,2022-12-08,114,2022,December
CUST02732,Customer_2732,Ahmedabad,2021-11-18,2167,2021,November
CUST02733,Customer_2733,Delhi,2020-07-04,1267,2020,July
CUST02734,Customer_2734,Bangalore,2020-05-26,1436,2020,May
CUST02735,Customer_2735,Bangalore,2023-10-26,4316,2023,October
CUST02736,Customer_2736,Ahmedabad,2022-07-04,4853,2022,July
CUST02737,Customer_2737,Hyderabad,2022-03-15,4776,2022,March
CUST02738,Customer_2738,Chennai,2021-08-02,3378,2021,August
CUST02739,Customer_2739,Hyderabad,2021-09-24,2090,2021,September
CUST02740,Customer_2740,Pune,2020-03-04,3826,2020,March
CUST02741,Customer_2741,Ahmedabad,2021-01-11,1945,2021,January
CUST02742,Customer_2742,Mumbai,2023-09-05,3291,2023,September
CUST02743,Customer_2743,Chennai,2022-04-27,3732,2022,April
CUST02744,Customer_2744,Delhi,2021-06-04,4895,2021,June
CUST02745,Customer_2745,Ahmedabad,2023-12-18,1181,2023,December
CUST02746,Customer_2746,Ahmedabad,2022-09-13,2945,2022,September
CUST02747,Customer_2747,Kolkata,2020-01-17,331,2020,January
CUST02748,Customer_2748,Hyderabad,2020-12-13,411,2020,December
CUST02749,Customer_2749,Chennai,2023-08-07,4349,2023,August
CUST02750,Customer_2750,Pune,2021-06-17,2431,2021,June
CUST02751,Customer_2751,Pune,2020-08-11,3362,2020,August
CUST02752,Customer_2752,Mumbai,2021-07-30,3609,2021,July
CUST02753,Customer_2753,Ahmedabad,2021-06-24,2860,2021,June
CUST02754,Customer_2754,Hyderabad,2021-01-16,1996,2021,January
CUST02755,Customer_2755,Bangalore,2023-05-20,1122,2023,May
CUST02756,Customer_2756,Ahmedabad,2022-02-15,2509,2022,February
CUST02757,Customer_2757,Kolkata,2022-06-05,3046,2022,June
CUST02758,Customer_2758,Hyderabad,2023-05-25,1067,2023,May
CUST02759,Customer_2759,Bangalore,2020-10-31,3504,2020,October
CUST02760,Customer_2760,Ahmedabad,2020-08-25,4314,2020,August
CUST02761,Customer_2761,Mumbai,2023-07-09,2795,2023,July
CUST02762,Customer_2762,Delhi,2020-11-29,208,2020,November
CUST02763,Customer_2763,Chennai,2020-11-25,4765,2020,November
CUST02764,Customer_2764,Hyderabad,2020-07-02,4055,2020,July
CUST02765,Customer_2765,Bangalore,2023-04-18,3868,2023,April
CUST02766,Customer_2766,Kolkata,2020-02-22,3238,2020,February
CUST02767,Customer_2767,Hyderabad,2020-06-09,2990,2020,June
CUST02768,Customer_2768,Delhi,2021-06-23,1882,2021,June
CUST02769,Customer_2769,Ahmedabad,2021-12-28,2908,2021,December
CUST02770,Customer_2770,Kolkata,2021-07-10,2966,2021,July
CUST02771,Customer_2771,Ahmedabad,2021-12-15,1595,2021,December
CUST02772,Customer_2772,Pune,2023-06-17,1249,2023,June
CUST02773,Customer_2773,Mumbai,2023-08-22,2061,2023,August
CUST02774,Customer_2774,Bangalore,2022-03-06,148,2022,March
CUST02775,Customer_2775,Hyderabad,2020-05-04,869,2020,May
CUST02776,Customer_2776,Mumbai,2022-08-21,4558,2022,August
CUST02777,Customer_2777,Mumbai,2023-04-19,3230,2023,April
CUST02778,Customer_2778,Bangalore,2020-12-11,4094,2020,December
CUST02779,Customer_2779,Mumbai,2022-05-27,1509,2022,May
CUST02780,Customer_2780,Hyderabad,2023-03-01,184,2023,March
CUST02781,Customer_2781,Mumbai,2021-10-31,2427,2021,October
CUST02782,Customer_2782,Pune,2023-03-27,3280,2023,March
CUST02783,Customer_2783,Kolkata,2020-05-08,2509,2020,May
CUST02784,Customer_2784,Chennai,2023-02-26,3258,2023,February
CUST02785,Customer_2785,Ahmedabad,2021-05-08,1010,2021,May
CUST02786,Customer_2786,Delhi,2022-06-26,3553,2022,June
CUST02787,Customer_2787,Pune,2023-06-11,4364,2023,June
CUST02788,Customer_2788,Ahmedabad,2022-05-03,1921,2022,May
CUST02789,Customer_2789,Kolkata,2022-04-05,1546,2022,April
CUST02790,Customer_2790,Delhi,2020-03-05,700,2020,March
CUST02791,Customer_2791,Ahmedabad,2023-03-31,1381,2023,March
CUST02792,Customer_2792,Mumbai,2020-08-10,3442,2020,August
CUST02793,Customer_2793,Hyderabad,2020-10-01,1345,2020,October
CUST02794,Customer_2794,Kolkata,2022-12-21,915,2022,December
CUST02795,Customer_2795,Pune,2022-02-17,3213,2022,February
CUST02796,Customer_2796,Kolkata,2023-02-19,3328,2023,February
CUST02797,Customer_2797,Hyderabad,2022-07-29,3431,2022,July
CUST02798,Customer_2798,Ahmedabad,2022-06-04,1341,2022,June
CUST02799,Customer_2799,Bangalore,2023-07-23,3515,2023,July
CUST02800,Customer_2800,Hyderabad,2023-01-20,820,2023,January
CUST02801,Customer_2801,Kolkata,2022-09-09,3185,2022,September
CUST02802,Customer_2802,Ahmedabad,2021-02-22,2066,2021,February
CUST02803,Customer_2803,Delhi,2021-08-29,1752,2021,August
CUST02804,Customer_2804,Hyderabad,2021-10-21,1157,2021,October
CUST02805,Customer_2805,Mumbai,2021-09-27,2287,2021,September
CUST02806,Customer_2806,Chennai,2020-05-31,4273,2020,May
CUST02807,Customer_2807,Hyderabad,2022-06-09,2521,2022,June
CUST02808,Customer_2808,Delhi,2021-11-09,1427,2021,November
CUST02809,Customer_2809,Ahmedabad,2021-11-20,2746,2021,November
CUST02810,Customer_2810,Ahmedabad,2023-12-15,4279,2023,December
CUST02811,Customer_2811,Bangalore,2023-11-21,2480,2023,November
CUST02812,Customer_2812,Delhi,2023-06-17,671,2023,June
CUST02813,Customer_2813,Chennai,2020-07-04,4903,2020,July
CUST02814,Customer_2814,Ahmedabad,2022-01-14,4329,2022,January
CUST02815,Customer_2815,Bangalore,2021-06-09,4474,2021,June
CUST02816,Customer_2816,Hyderabad,2022-06-02,397,2022,June
CUST02817,Customer_2817,Hyderabad,2021-01-17,4939,2021,January
CUST02818,Customer_2818,Chennai,2023-05-06,3408,2023,May
CUST02819,Customer_2819,Chennai,2021-06-06,4497,2021,June
CUST02820,Customer_2820,Pune,2021-10-26,966,2021,October
CUST02821,Customer_2821,Bangalore,2021-12-04,2753,2021,December
CUST02822,Customer_2822,Kolkata,2021-05-01,3789,2021,May
CUST02823,Customer_2823,Delhi,2020-10-07,402,2020,October
CUST02824,Customer_2824,Pune,2021-04-24,2953,2021,April
CUST02825,Customer_2825,Delhi,2020-09-11,12,2020,September
CUST02826,Customer_2826,Pune,2023-04-30,2002,2023,April
CUST02827,Customer_2827,Mumbai,2022-04-19,3857,2022,April
CUST02828,Customer_2828,Chennai,2020-01-11,742,2020,January
CUST02829,Customer_2829,Hyderabad,2022-08-15,174,2022,August
CUST02830,Customer_2830,Chennai,2021-07-25,1586,2021,July
CUST02831,Customer_2831,Mumbai,2021-06-16,243,2021,June
CUST02832,Customer_2832,Delhi,2021-01-17,3594,2021,January
CUST02833,Customer_2833,Hyderabad,2020-11-09,3819,2020,November
CUST02834,Customer_2834,Kolkata,2023-05-15,1147,2023,May
CUST02835,Customer_2835,Chennai,2023-08-08,53,2023,August
CUST02836,Customer_2836,Delhi,2021-05-01,1603,2021,May
CUST02837,Customer_2837,Hyderabad,2022-01-25,1099,2022,January
CUST02838,Customer_2838,Mumbai,2022-11-11,1325,2022,November
CUST02839,Customer_2839,Kolkata,2022-02-26,3006,2022,February
CUST02840,Customer_2840,Pune,2020-08-21,1279,2020,August
CUST02841,Customer_2841,Hyderabad,2020-07-26,1715,2020,July
CUST02842,Customer_2842,Delhi,2022-06-04,4645,2022,June
CUST02843,Customer_2843,Bangalore,2021-01-04,691,2021,January
CUST02844,Customer_2844,Hyderabad,2023-08-14,3115,2023,August
CUST02845,Customer_2845,Hyderabad,2020-12-10,2998,2020,December
CUST02846,Customer_2846,Ahmedabad,2020-09-20,122,2020,September
CUST02847,Customer_2847,Kolkata,2021-07-03,3129,2021,July
CUST02848,Customer_2848,Mumbai,2022-09-28,1813,2022,September
CUST02849,Customer_2849,Pune,2022-05-03,4241,2022,May
CUST02850,Customer_2850,Ahmedabad,2022-03-20,2312,2022,March
CUST02851,Customer_2851,Pune,2023-03-03,3358,2023,March
CUST02852,Customer_2852,Hyderabad,2020-12-30,1349,2020,December
CUST02853,Customer_2853,Pune,2024-01-31,3817,2024,January
CUST02854,Customer_2854,Mumbai,2020-08-13,4807,2020,August
CUST02855,Customer_2855,Delhi,2021-06-08,4726,2021,June
CUST02856,Customer_2856,Delhi,2022-03-28,14,2022,March
CUST02857,Customer_2857,Delhi,2022-08-12,1422,2022,August
CUST02858,Customer_2858,Mumbai,2022-09-19,2231,2022,September
CUST02859,Customer_2859,Bangalore,2020-04-05,2041,2020,April
CUST02860,Customer_2860,Hyderabad,2020-06-26,4549,2020,June
CUST02861,Customer_2861,Ahmedabad,2020-08-28,3475,2020,August
CUST02862,Customer_2862,Kolkata,2020-06-20,3765,2020,June
CUST02863,Customer_2863,Kolkata,2020-05-18,4038,2020,May
CUST02864,Customer_2864,Hyderabad,2020-10-23,3667,2020,October
CUST02865,Customer_2865,Delhi,2023-06-30,3400,2023,June
CUST02866,Customer_2866,Bangalore,2022-04-21,4528,2022,April
CUST02867,Customer_2867,Mumbai,2020-04-29,709,2020,April
CUST02868,Customer_2868,Chennai,2021-04-06,3136,2021,April
CUST02869,Customer_2869,Chennai,2021-01-07,1051,2021,January
CUST02870,Customer_2870,Mumbai,2020-12-18,1041,2020,December
CUST02871,Customer_2871,Mumbai,2023-07-25,1824,2023,July
CUST02872,Customer_2872,Hyderabad,2023-02-14,2998,2023,February
CUST02873,Customer_2873,Kolkata,2021-09-07,834,2021,September
CUST02874,Customer_2874,Hyderabad,2022-10-15,2231,2022,October
CUST02875,Customer_2875,Mumbai,2020-04-16,3251,2020,April
CUST02876,Customer_2876,Chennai,2020-08-02,4938,2020,August
CUST02877,Customer_2877,Delhi,2020-08-21,801,2020,August
CUST02878,Customer_2878,Delhi,2020-06-14,190,2020,June
CUST02879,Customer_2879,Kolkata,2020-04-20,1589,2020,April
CUST02880,Customer_2880,Bangalore,2022-11-10,40,2022,November
CUST02881,Customer_2881,Kolkata,2021-05-06,4434,2021,May
CUST02882,Customer_2882,Chennai,2023-05-19,29,2023,May
CUST02883,Customer_2883,Delhi,2021-12-31,1587,2021,December
CUST02884,Customer_2884,Delhi,2021-04-03,1975,2021,April
CUST02885,Customer_2885,Chennai,2020-11-22,4389,2020,November
CUST02886,Customer_2886,Bangalore,2022-02-11,2612,2022,February
CUST02887,Customer_2887,Delhi,2023-09-14,4635,2023,September
CUST02888,Customer_2888,Kolkata,2020-12-31,775,2020,December
CUST02889,Customer_2889,Kolkata,2021-07-25,840,2021,July
CUST02890,Customer_2890,Mumbai,2020-10-11,145,2020,October
CUST02891,Customer_2891,Bangalore,2022-09-27,887,2022,September
CUST02892,Customer_2892,Bangalore,2020-09-05,3768,2020,September
CUST02893,Customer_2893,Kolkata,2022-12-31,1638,2022,December
CUST02894,Customer_2894,Bangalore,2023-06-04,1231,2023,June
CUST02895,Customer_2895,Hyderabad,2022-12-31,314,2022,December
CUST02896,Customer_2896,Ahmedabad,2020-10-16,2847,2020,October
CUST02897,Customer_2897,Delhi,2023-06-07,1686,2023,June
CUST02898,Customer_2898,Ahmedabad,2021-09-11,967,2021,September
CUST02899,Customer_2899,Delhi,2023-12-13,682,2023,December
CUST02900,Customer_2900,Chennai,2024-02-09,3820,2024,February
CUST02901,Customer_2901,Mumbai,2022-01-27,816,2022,January
CUST02902,Customer_2902,Hyderabad,2021-08-26,288,2021,August
CUST02903,Customer_2903,Chennai,2020-05-15,1836,2020,May
CUST02904,Customer_2904,Delhi,2020-04-21,1066,2020,April
CUST02905,Customer_2905,Pune,2021-01-22,4084,2021,January
CUST02906,Customer_2906,Bangalore,2022-10-16,539,2022,October
CUST02907,Customer_2907,Kolkata,2020-03-09,586,2020,March
CUST02908,Customer_2908,Mumbai,2022-10-11,28,2022,October
CUST02909,Customer_2909,Ahmedabad,2020-05-22,309,2020,May
CUST02910,Customer_2910,Pune,2020-08-03,3899,2020,August
CUST02911,Customer_2911,Delhi,2020-01-11,4381,2020,January
CUST02912,Customer_2912,Pune,2023-07-22,3839,2023,July
CUST02913,Customer_2913,Kolkata,2023-02-01,4546,2023,February
CUST02914,Customer_2914,Chennai,2020-06-07,2724,2020,June
CUST02915,Customer_2915,Bangalore,2020-12-14,1199,2020,December
CUST02916,Customer_2916,Bangalore,2022-09-20,4235,2022,September
CUST02917,Customer_2917,Hyderabad,2022-05-04,1210,2022,May
CUST02918,Customer_2918,Kolkata,2021-04-21,3359,2021,April
CUST02919,Customer_2919,Pune,2023-04-26,1370,2023,April
CUST02920,Customer_2920,Hyderabad,2022-08-08,3843,2022,August
CUST02921,Customer_2921,Kolkata,2021-12-28,4381,2021,December
CUST02922,Customer_2922,Bangalore,2023-12-31,2769,2023,December
CUST02923,Customer_2923,Pune,2021-02-21,4834,2021,February
CUST02924,Customer_2924,Ahmedabad,2022-07-15,297,2022,July
CUST02925,Customer_2925,Chennai,2020-11-15,116,2020,November
CUST02926,Customer_2926,Pune,2023-10-26,4979,2023,October
CUST02927,Customer_2927,Mumbai,2021-03-18,4336,2021,March
CUST02928,Customer_2928,Delhi,2022-04-14,3320,2022,April
CUST02929,Customer_2929,Ahmedabad,2022-07-19,1771,2022,July
CUST02930,Customer_2930,Mumbai,2023-08-13,4257,2023,August
CUST02931,Customer_2931,Ahmedabad,2023-03-19,4132,2023,March
CUST02932,Customer_2932,Mumbai,2023-11-29,4914,2023,November
CUST02933,Customer_2933,Mumbai,2024-02-02,1259,2024,February
CUST02934,Customer_2934,Ahmedabad,2022-12-08,1298,2022,December
CUST02935,Customer_2935,Ahmedabad,2023-01-25,754,2023,January
CUST02936,Customer_2936,Ahmedabad,2021-01-04,4099,2021,January
CUST02937,Customer_2937,Bangalore,2023-03-27,82,2023,March
CUST02938,Customer_2938,Hyderabad,2020-01-12,3705,2020,January
CUST02939,Customer_2939,Ahmedabad,2023-05-02,2293,2023,May
CUST02940,Customer_2940,Kolkata,2022-04-29,2115,2022,April
CUST02941,Customer_2941,Kolkata,2022-08-17,1062,2022,August
CUST02942,Customer_2942,Delhi,2022-06-16,4662,2022,June
CUST02943,Customer_2943,Chennai,2021-04-18,380,2021,April
CUST02944,Customer_2944,Ahmedabad,2020-07-05,2923,2020,July
CUST02945,Customer_2945,Ahmedabad,2021-01-11,1306,2021,January
CUST02946,Customer_2946,Ahmedabad,2020-05-25,1687,2020,May
CUST02947,Customer_2947,Chennai,2023-02-11,4329,2023,February
CUST02948,Customer_2948,Hyderabad,2020-06-24,3182,2020,June
CUST02949,Customer_2949,Chennai,2022-07-24,4038,2022,July
CUST02950,Customer_2950,Kolkata,2022-08-12,2047,2022,August
CUST02951,Customer_2951,Pune,2021-02-22,270,2021,February
CUST02952,Customer_2952,Delhi,2021-05-31,1932,2021,May
CUST02953,Customer_2953,Hyderabad,2022-10-03,4386,2022,October
CUST02954,Customer_2954,Mumbai,2022-09-12,872,2022,September
CUST02955,Customer_2955,Bangalore,2022-09-17,3970,2022,September
CUST02956,Customer_2956,Ahmedabad,2021-03-09,4188,2021,March
CUST02957,Customer_2957,Mumbai,2020-09-13,4362,2020,September
CUST02958,Customer_2958,Pune,2020-04-04,1858,2020,April
CUST02959,Customer_2959,Delhi,2023-03-26,2880,2023,March
CUST02960,Customer_2960,Pune,2023-03-07,2713,2023,March
CUST02961,Customer_2961,Delhi,2021-03-16,4163,2021,March
CUST02962,Customer_2962,Chennai,2023-04-07,3652,2023,April
CUST02963,Customer_2963,Ahmedabad,2020-10-02,1397,2020,October
CUST02964,Customer_2964,Bangalore,2022-07-26,1350,2022,July
CUST02965,Customer_2965,Bangalore,2022-07-19,1418,2022,July
CUST02966,Customer_2966,Kolkata,2022-06-19,128,2022,June
CUST02967,Customer_2967,Chennai,2022-03-10,1074,2022,March
CUST02968,Customer_2968,Delhi,2022-07-28,2118,2022,July
CUST02969,Customer_2969,Chennai,2020-12-22,3306,2020,December
CUST02970,Customer_2970,Delhi,2023-01-03,1623,2023,January
CUST02971,Customer_2971,Pune,2021-09-07,3908,2021,September
CUST02972,Customer_2972,Hyderabad,2022-02-19,2891,2022,February
CUST02973,Customer_2973,Pune,2021-09-26,639,2021,September
CUST02974,Customer_2974,Ahmedabad,2024-02-04,2172,2024,February
CUST02975,Customer_2975,Hyderabad,2020-04-02,779,2020,April
CUST02976,Customer_2976,Ahmedabad,2022-05-25,4593,2022,May
CUST02977,Customer_2977,Chennai,2023-04-13,3701,2023,April
CUST02978,Customer_2978,Chennai,2023-03-04,734,2023,March
CUST02979,Customer_2979,Bangalore,2023-01-24,1240,2023,January
CUST02980,Customer_2980,Hyderabad,2020-01-03,3960,2020,January
CUST02981,Customer_2981,Bangalore,2020-07-20,1638,2020,July
CUST02982,Customer_2982,Pune,2023-05-09,1486,2023,May
CUST02983,Customer_2983,Hyderabad,2023-09-03,1909,2023,September
CUST02984,Customer_2984,Ahmedabad,2023-10-07,1995,2023,October
CUST02985,Customer_2985,Ahmedabad,2020-08-20,1210,2020,August
CUST02986,Customer_2986,Mumbai,2021-07-31,2147,2021,July
CUST02987,Customer_2987,Delhi,2021-10-21,4448,2021,October
CUST02988,Customer_2988,Mumbai,2022-12-14,4083,2022,December
CUST02989,Customer_2989,Mumbai,2023-05-15,3423,2023,May
CUST02990,Customer_2990,Delhi,2023-12-15,2868,2023,December
CUST02991,Customer_2991,Pune,2020-09-08,43,2020,September
CUST02992,Customer_2992,Hyderabad,2021-06-27,2728,2021,June
CUST02993,Customer_2993,Kolkata,2021-03-11,3719,2021,March
CUST02994,Customer_2994,Bangalore,2020-04-23,1678,2020,April
CUST02995,Customer_2995,Mumbai,2022-04-05,985,2022,April
CUST02996,Customer_2996,Ahmedabad,2020-09-26,1439,2020,September
CUST02997,Customer_2997,Ahmedabad,2024-01-01,48,2024,January
CUST02998,Customer_2998,Delhi,2021-09-27,4493,2021,September
CUST02999,Customer_2999,Chennai,2021-02-17,65,2021,February
CUST03000,Customer_3000,Hyderabad,2022-01-29,466,2022,January
CUST03001,Customer_3001,Kolkata,2023-04-14,564,2023,April
CUST03002,Customer_3002,Ahmedabad,2020-12-27,1269,2020,December
CUST03003,Customer_3003,Kolkata,2021-07-17,1707,2021,July
CUST03004,Customer_3004,Ahmedabad,2020-07-18,1072,2020,July
CUST03005,Customer_3005,Chennai,2022-11-20,531,2022,November
CUST03006,Customer_3006,Kolkata,2020-07-09,1700,2020,July
CUST03007,Customer_3007,Kolkata,2022-03-05,4994,2022,March
CUST03008,Customer_3008,Kolkata,2022-07-11,4028,2022,July
CUST03009,Customer_3009,Delhi,2021-04-08,4402,2021,April
CUST03010,Customer_3010,Hyderabad,2023-01-11,3483,2023,January
CUST03011,Customer_3011,Hyderabad,2020-08-14,2995,2020,August
CUST03012,Customer_3012,Delhi,2023-12-03,2367,2023,December
CUST03013,Customer_3013,Bangalore,2020-11-23,4357,2020,November
CUST03014,Customer_3014,Chennai,2022-12-07,3299,2022,December
CUST03015,Customer_3015,Bangalore,2020-01-06,3212,2020,January
CUST03016,Customer_3016,Bangalore,2022-07-02,1226,2022,July
CUST03017,Customer_3017,Kolkata,2023-02-02,3537,2023,February
CUST03018,Customer_3018,Kolkata,2023-10-22,1502,2023,October
CUST03019,Customer_3019,Hyderabad,2020-09-09,2195,2020,September
CUST03020,Customer_3020,Kolkata,2020-10-07,795,2020,October
CUST03021,Customer_3021,Chennai,2021-04-22,2408,2021,April
CUST03022,Customer_3022,Chennai,2021-02-17,2646,2021,February
CUST03023,Customer_3023,Kolkata,2020-04-10,2899,2020,April
CUST03024,Customer_3024,Hyderabad,2022-03-28,2773,2022,March
CUST03025,Customer_3025,Chennai,2022-11-28,4711,2022,November
CUST03026,Customer_3026,Pune,2022-12-09,377,2022,December
CUST03027,Customer_3027,Bangalore,2022-09-13,208,2022,September
CUST03028,Customer_3028,Bangalore,2023-08-31,1889,2023,August
CUST03029,Customer_3029,Delhi,2020-03-21,262,2020,March
CUST03030,Customer_3030,Pune,2023-03-05,2517,2023,March
CUST03031,Customer_3031,Ahmedabad,2022-07-02,167,2022,July
CUST03032,Customer_3032,Kolkata,2022-07-14,2029,2022,July
CUST03033,Customer_3033,Pune,2020-05-30,2235,2020,May
CUST03034,Customer_3034,Hyderabad,2020-05-09,303,2020,May
CUST03035,Customer_3035,Bangalore,2020-05-10,3234,2020,May
CUST03036,Customer_3036,Kolkata,2023-06-25,3704,2023,June
CUST03037,Customer_3037,Kolkata,2023-04-15,3909,2023,April
CUST03038,Customer_3038,Ahmedabad,2020-08-31,2184,2020,August
CUST03039,Customer_3039,Pune,2021-03-18,2917,2021,March
CUST03040,Customer_3040,Chennai,2022-08-14,4531,2022,August
CUST03041,Customer_3041,Kolkata,2023-09-29,4435,2023,September
CUST03042,Customer_3042,Bangalore,2021-05-13,4405,2021,May
CUST03043,Customer_3043,Ahmedabad,2020-12-26,210,2020,December
CUST03044,Customer_3044,Chennai,2021-06-08,1858,2021,June
CUST03045,Customer_3045,Delhi,2022-08-18,1085,2022,August
CUST03046,Customer_3046,Mumbai,2023-05-21,85,2023,May
CUST03047,Customer_3047,Ahmedabad,2022-11-05,4122,2022,November
CUST03048,Customer_3048,Chennai,2022-12-13,4079,2022,December
CUST03049,Customer_3049,Hyderabad,2023-03-04,245,2023,March
CUST03050,Customer_3050,Ahmedabad,2020-11-17,1334,2020,November
CUST03051,Customer_3051,Bangalore,2022-01-18,350,2022,January
CUST03052,Customer_3052,Delhi,2023-02-18,2672,2023,February
CUST03053,Customer_3053,Ahmedabad,2022-09-17,2185,2022,September
CUST03054,Customer_3054,Bangalore,2022-03-24,2128,2022,March
CUST03055,Customer_3055,Ahmedabad,2022-04-21,538,2022,April
CUST03056,Customer_3056,Hyderabad,2022-09-21,2955,2022,September
CUST03057,Customer_3057,Mumbai,2023-12-01,513,2023,December
CUST03058,Customer_3058,Pune,2021-12-20,1886,2021,December
CUST03059,Customer_3059,Ahmedabad,2020-10-23,1814,2020,October
CUST03060,Customer_3060,Chennai,2020-01-02,3185,2020,January
CUST03061,Customer_3061,Pune,2022-08-26,4890,2022,August
CUST03062,Customer_3062,Delhi,2020-09-19,1187,2020,September
CUST03063,Customer_3063,Kolkata,2020-02-08,3007,2020,February
CUST03064,Customer_3064,Pune,2022-02-19,2993,2022,February
CUST03065,Customer_3065,Ahmedabad,2021-05-16,4814,2021,May
CUST03066,Customer_3066,Delhi,2022-11-10,296,2022,November
CUST03067,Customer_3067,Hyderabad,2021-12-31,732,2021,December
CUST03068,Customer_3068,Hyderabad,2020-03-20,4907,2020,March
CUST03069,Customer_3069,Bangalore,2022-07-05,1220,2022,July
CUST03070,Customer_3070,Mumbai,2022-11-02,4300,2022,November
CUST03071,Customer_3071,Hyderabad,2020-02-09,2136,2020,February
CUST03072,Customer_3072,Kolkata,2020-05-16,2775,2020,May
CUST03073,Customer_3073,Ahmedabad,2020-09-02,3217,2020,September
CUST03074,Customer_3074,Kolkata,2023-04-21,475,2023,April
CUST03075,Customer_3075,Chennai,2022-01-03,764,2022,January
CUST03076,Customer_3076,Ahmedabad,2021-10-25,3767,2021,October
CUST03077,Customer_3077,Chennai,2020-11-16,566,2020,November
CUST03078,Customer_3078,Mumbai,2022-12-18,510,2022,December
CUST03079,Customer_3079,Ahmedabad,2024-01-02,352,2024,January
CUST03080,Customer_3080,Pune,2023-12-27,3501,2023,December
CUST03081,Customer_3081,Pune,2021-08-12,4924,2021,August
CUST03082,Customer_3082,Ahmedabad,2021-05-21,3594,2021,May
CUST03083,Customer_3083,Pune,2020-12-07,3167,2020,December
CUST03084,Customer_3084,Kolkata,2020-04-06,1360,2020,April
CUST03085,Customer_3085,Bangalore,2022-05-02,2838,2022,May
CUST03086,Customer_3086,Pune,2024-02-07,1205,2024,February
CUST03087,Customer_3087,Ahmedabad,2022-01-20,4282,2022,January
CUST03088,Customer_3088,Kolkata,2023-11-23,4888,2023,November
CUST03089,Customer_3089,Hyderabad,2021-09-11,3126,2021,September
CUST03090,Customer_3090,Mumbai,2023-11-18,1789,2023,November
CUST03091,Customer_3091,Mumbai,2020-02-26,35,2020,February
CUST03092,Customer_3092,Mumbai,2021-04-30,3778,2021,April
CUST03093,Customer_3093,Kolkata,2022-08-19,1154,2022,August
CUST03094,Customer_3094,Chennai,2023-02-08,1109,2023,February
CUST03095,Customer_3095,Hyderabad,2022-11-23,2968,2022,November
CUST03096,Customer_3096,Delhi,2022-07-01,1248,2022,July
CUST03097,Customer_3097,Chennai,2021-02-15,4586,2021,February
CUST03098,Customer_3098,Ahmedabad,2021-10-16,1693,2021,October
CUST03099,Customer_3099,Ahmedabad,2023-09-11,1801,2023,September
CUST03100,Customer_3100,Bangalore,2023-05-13,4963,2023,May
CUST03101,Customer_3101,Pune,2022-12-03,2034,2022,December
CUST03102,Customer_3102,Bangalore,2022-01-19,766,2022,January
CUST03103,Customer_3103,Bangalore,2023-01-02,3558,2023,January
CUST03104,Customer_3104,Pune,2020-06-09,2944,2020,June
CUST03105,Customer_3105,Delhi,2022-08-30,4312,2022,August
CUST03106,Customer_3106,Pune,2020-05-31,3176,2020,May
CUST03107,Customer_3107,Pune,2021-10-19,3389,2021,October
CUST03108,Customer_3108,Chennai,2022-04-18,1265,2022,April
CUST03109,Customer_3109,Chennai,2022-10-13,2208,2022,October
CUST03110,Customer_3110,Chennai,2022-03-02,1381,2022,March
CUST03111,Customer_3111,Pune,2020-12-04,2994,2020,December
CUST03112,Customer_3112,Hyderabad,2023-01-30,2395,2023,January
CUST03113,Customer_3113,Chennai,2023-03-10,4121,2023,March
CUST03114,Customer_3114,Bangalore,2020-12-19,2344,2020,December
CUST03115,Customer_3115,Delhi,2020-05-15,4516,2020,May
CUST03116,Customer_3116,Delhi,2024-01-30,669,2024,January
CUST03117,Customer_3117,Chennai,2022-10-10,317,2022,October
CUST03118,Customer_3118,Chennai,2021-08-14,2839,2021,August
CUST03119,Customer_3119,Chennai,2022-08-01,2626,2022,August
CUST03120,Customer_3120,Chennai,2022-05-22,4919,2022,May
CUST03121,Customer_3121,Mumbai,2021-05-27,3780,2021,May
CUST03122,Customer_3122,Bangalore,2023-08-10,800,2023,August
CUST03123,Customer_3123,Chennai,2021-11-20,2713,2021,November
CUST03124,Customer_3124,Mumbai,2020-09-21,336,2020,September
CUST03125,Customer_3125,Kolkata,2021-09-28,2353,2021,September
CUST03126,Customer_3126,Bangalore,2022-03-17,272,2022,March
CUST03127,Customer_3127,Pune,2020-10-27,4753,2020,October
CUST03128,Customer_3128,Delhi,2020-10-06,590,2020,October
CUST03129,Customer_3129,Bangalore,2022-12-03,1288,2022,December
CUST03130,Customer_3130,Delhi,2023-06-25,1019,2023,June
CUST03131,Customer_3131,Chennai,2023-01-06,4722,2023,January
CUST03132,Customer_3132,Delhi,2021-03-06,2664,2021,March
CUST03133,Customer_3133,Delhi,2021-11-12,119,2021,November
CUST03134,Customer_3134,Mumbai,2020-02-15,240,2020,February
CUST03135,Customer_3135,Pune,2022-05-18,1678,2022,May
CUST03136,Customer_3136,Hyderabad,2020-08-17,4000,2020,August
CUST03137,Customer_3137,Chennai,2020-04-12,1482,2020,April
CUST03138,Customer_3138,Chennai,2024-01-10,3013,2024,January
CUST03139,Customer_3139,Bangalore,2020-10-12,487,2020,October
CUST03140,Customer_3140,Ahmedabad,2023-01-27,4427,2023,January
CUST03141,Customer_3141,Bangalore,2023-07-19,1783,2023,July
CUST03142,Customer_3142,Kolkata,2020-06-04,4793,2020,June
CUST03143,Customer_3143,Bangalore,2023-08-19,3091,2023,August
CUST03144,Customer_3144,Bangalore,2021-03-06,4076,2021,March
CUST03145,Customer_3145,Mumbai,2021-12-17,2884,2021,December
CUST03146,Customer_3146,Delhi,2020-05-07,597,2020,May
CUST03147,Customer_3147,Ahmedabad,2020-05-03,1528,2020,May
CUST03148,Customer_3148,Ahmedabad,2021-04-30,2315,2021,April
CUST03149,Customer_3149,Bangalore,2023-06-04,21,2023,June
CUST03150,Customer_3150,Bangalore,2022-01-26,821,2022,January
CUST03151,Customer_3151,Ahmedabad,2022-11-29,3586,2022,November
CUST03152,Customer_3152,Bangalore,2023-04-06,2672,2023,April
CUST03153,Customer_3153,Mumbai,2020-08-24,2359,2020,August
CUST03154,Customer_3154,Kolkata,2020-12-14,3070,2020,December
CUST03155,Customer_3155,Ahmedabad,2023-03-05,2818,2023,March
CUST03156,Customer_3156,Bangalore,2021-09-13,63,2021,September
CUST03157,Customer_3157,Mumbai,2020-08-23,1277,2020,August
CUST03158,Customer_3158,Delhi,2020-07-16,1786,2020,July
CUST03159,Customer_3159,Chennai,2022-03-25,764,2022,March
CUST03160,Customer_3160,Ahmedabad,2022-05-09,4976,2022,May
CUST03161,Customer_3161,Mumbai,2021-11-18,416,2021,November
CUST03162,Customer_3162,Ahmedabad,2021-10-09,4015,2021,October
CUST03163,Customer_3163,Hyderabad,2020-06-27,4197,2020,June
CUST03164,Customer_3164,Delhi,2023-01-29,2424,2023,January
CUST03165,Customer_3165,Delhi,2022-04-25,4005,2022,April
CUST03166,Customer_3166,Pune,2022-10-08,3872,2022,October
CUST03167,Customer_3167,Kolkata,2020-11-06,3042,2020,November
CUST03168,Customer_3168,Hyderabad,2023-06-12,2568,2023,June
CUST03169,Customer_3169,Mumbai,2021-05-13,1563,2021,May
CUST03170,Customer_3170,Chennai,2024-02-09,187,2024,February
CUST03171,Customer_3171,Bangalore,2022-07-20,3020,2022,July
CUST03172,Customer_3172,Ahmedabad,2020-08-31,1152,2020,August
CUST03173,Customer_3173,Bangalore,2021-05-31,2675,2021,May
CUST03174,Customer_3174,Ahmedabad,2023-02-03,3552,2023,February
CUST03175,Customer_3175,Chennai,2021-11-17,3734,2021,November
CUST03176,Customer_3176,Hyderabad,2022-08-04,1661,2022,August
CUST03177,Customer_3177,Ahmedabad,2022-05-09,1385,2022,May
CUST03178,Customer_3178,Kolkata,2022-07-12,3705,2022,July
CUST03179,Customer_3179,Ahmedabad,2022-07-18,2359,2022,July
CUST03180,Customer_3180,Delhi,2022-07-30,3916,2022,July
CUST03181,Customer_3181,Bangalore,2021-11-18,1748,2021,November
CUST03182,Customer_3182,Pune,2020-05-23,671,2020,May
CUST03183,Customer_3183,Pune,2022-12-09,1204,2022,December
CUST03184,Customer_3184,Mumbai,2022-01-17,3389,2022,January
CUST03185,Customer_3185,Kolkata,2022-11-10,2197,2022,November
CUST03186,Customer_3186,Pune,2023-02-11,3112,2023,February
CUST03187,Customer_3187,Chennai,2022-04-01,4219,2022,April
CUST03188,Customer_3188,Bangalore,2020-09-05,979,2020,September
CUST03189,Customer_3189,Pune,2022-09-26,1324,2022,September
CUST03190,Customer_3190,Chennai,2020-05-24,3236,2020,May
CUST03191,Customer_3191,Kolkata,2020-09-15,642,2020,September
CUST03192,Customer_3192,Pune,2023-01-15,746,2023,January
CUST03193,Customer_3193,Ahmedabad,2021-05-13,1602,2021,May
CUST03194,Customer_3194,Pune,2022-04-28,2410,2022,April
CUST03195,Customer_3195,Delhi,2021-06-02,1367,2021,June
CUST03196,Customer_3196,Hyderabad,2020-06-21,2987,2020,June
CUST03197,Customer_3197,Mumbai,2021-07-25,3940,2021,July
CUST03198,Customer_3198,Pune,2020-07-07,224,2020,July
CUST03199,Customer_3199,Mumbai,2023-04-09,373,2023,April
CUST03200,Customer_3200,Bangalore,2022-12-04,3899,2022,December
CUST03201,Customer_3201,Hyderabad,2020-05-20,1899,2020,May
CUST03202,Customer_3202,Kolkata,2023-05-04,3586,2023,May
CUST03203,Customer_3203,Ahmedabad,2021-07-23,3229,2021,July
CUST03204,Customer_3204,Kolkata,2020-02-03,877,2020,February
CUST03205,Customer_3205,Mumbai,2021-08-07,308,2021,August
CUST03206,Customer_3206,Chennai,2023-10-25,1339,2023,October
CUST03207,Customer_3207,Bangalore,2022-10-18,383,2022,October
CUST03208,Customer_3208,Kolkata,2023-02-13,3676,2023,February
CUST03209,Customer_3209,Mumbai,2021-01-10,4855,2021,January
CUST03210,Customer_3210,Chennai,2023-09-24,2788,2023,September
CUST03211,Customer_3211,Mumbai,2022-09-11,1049,2022,September
CUST03212,Customer_3212,Chennai,2023-07-16,350,2023,July
CUST03213,Customer_3213,Bangalore,2023-10-27,3203,2023,October
CUST03214,Customer_3214,Ahmedabad,2022-01-21,576,2022,January
CUST03215,Customer_3215,Kolkata,2020-11-24,1974,2020,November
CUST03216,Customer_3216,Bangalore,2021-06-18,474,2021,June
CUST03217,Customer_3217,Pune,2023-03-30,955,2023,March
CUST03218,Customer_3218,Kolkata,2023-03-31,1827,2023,March
CUST03219,Customer_3219,Kolkata,2023-06-18,2054,2023,June
CUST03220,Customer_3220,Hyderabad,2022-01-18,2617,2022,January
CUST03221,Customer_3221,Hyderabad,2021-03-23,2203,2021,March
CUST03222,Customer_3222,Mumbai,2020-02-11,4405,2020,February
CUST03223,Customer_3223,Ahmedabad,2023-04-10,2505,2023,April
CUST03224,Customer_3224,Delhi,2020-05-02,2694,2020,May
CUST03225,Customer_3225,Mumbai,2022-12-22,3253,2022,December
CUST03226,Customer_3226,Chennai,2021-08-06,657,2021,August
CUST03227,Customer_3227,Pune,2022-08-23,3472,2022,August
CUST03228,Customer_3228,Hyderabad,2021-02-11,560,2021,February
CUST03229,Customer_3229,Hyderabad,2021-10-13,912,2021,October
CUST03230,Customer_3230,Mumbai,2021-04-01,4638,2021,April
CUST03231,Customer_3231,Delhi,2021-10-06,1833,2021,October
CUST03232,Customer_3232,Kolkata,2021-07-22,1837,2021,July
CUST03233,Customer_3233,Mumbai,2023-09-10,2530,2023,September
CUST03234,Customer_3234,Ahmedabad,2023-06-14,4375,2023,June
CUST03235,Customer_3235,Pune,2020-12-21,1351,2020,December
CUST03236,Customer_3236,Kolkata,2021-09-04,2221,2021,September
CUST03237,Customer_3237,Bangalore,2021-06-15,1458,2021,June
CUST03238,Customer_3238,Chennai,2020-04-21,2737,2020,April
CUST03239,Customer_3239,Chennai,2024-01-30,718,2024,January
CUST03240,Customer_3240,Delhi,2022-02-02,2043,2022,February
CUST03241,Customer_3241,Pune,2023-10-01,3508,2023,October
CUST03242,Customer_3242,Bangalore,2023-03-15,1600,2023,March
CUST03243,Customer_3243,Ahmedabad,2020-06-27,3466,2020,June
CUST03244,Customer_3244,Chennai,2022-03-31,4586,2022,March
CUST03245,Customer_3245,Pune,2021-07-06,1826,2021,July
CUST03246,Customer_3246,Delhi,2022-04-21,219,2022,April
CUST03247,Customer_3247,Ahmedabad,2020-07-14,2154,2020,July
CUST03248,Customer_3248,Ahmedabad,2023-05-08,2273,2023,May
CUST03249,Customer_3249,Bangalore,2020-09-20,4048,2020,September
CUST03250,Customer_3250,Pune,2020-06-07,3029,2020,June
CUST03251,Customer_3251,Kolkata,2020-11-16,1034,2020,November
CUST03252,Customer_3252,Mumbai,2023-12-02,2018,2023,December
CUST03253,Customer_3253,Mumbai,2022-11-27,2802,2022,November
CUST03254,Customer_3254,Ahmedabad,2021-03-13,1457,2021,March
CUST03255,Customer_3255,Kolkata,2020-10-01,4439,2020,October
CUST03256,Customer_3256,Hyderabad,2022-05-10,4052,2022,May
CUST03257,Customer_3257,Mumbai,2022-08-02,3856,2022,August
CUST03258,Customer_3258,Chennai,2021-07-29,2897,2021,July
CUST03259,Customer_3259,Delhi,2022-09-08,346,2022,September
CUST03260,Customer_3260,Delhi,2022-01-24,4025,2022,January
CUST03261,Customer_3261,Delhi,2021-07-11,2963,2021,July
CUST03262,Customer_3262,Chennai,2022-07-13,1415,2022,July
CUST03263,Customer_3263,Kolkata,2021-05-13,3926,2021,May
CUST03264,Customer_3264,Kolkata,2023-05-12,723,2023,May
CUST03265,Customer_3265,Delhi,2020-09-28,99,2020,September
CUST03266,Customer_3266,Bangalore,2020-07-21,2178,2020,July
CUST03267,Customer_3267,Chennai,2023-08-04,1897,2023,August
CUST03268,Customer_3268,Kolkata,2023-06-29,4707,2023,June
CUST03269,Customer_3269,Delhi,2021-02-07,4178,2021,February
CUST03270,Customer_3270,Kolkata,2021-11-05,4235,2021,November
CUST03271,Customer_3271,Kolkata,2020-08-09,1698,2020,August
CUST03272,Customer_3272,Delhi,2021-03-20,904,2021,March
CUST03273,Customer_3273,Bangalore,2023-08-08,1856,2023,August
CUST03274,Customer_3274,Bangalore,2021-12-28,2076,2021,December
CUST03275,Customer_3275,Mumbai,2020-07-16,483,2020,July
CUST03276,Customer_3276,Pune,2020-01-07,2387,2020,January
CUST03277,Customer_3277,Bangalore,2020-11-09,4264,2020,November
CUST03278,Customer_3278,Hyderabad,2021-04-03,3931,2021,April
CUST03279,Customer_3279,Mumbai,2021-09-12,2203,2021,September
CUST03280,Customer_3280,Kolkata,2020-01-14,389,2020,January
CUST03281,Customer_3281,Pune,2020-05-21,985,2020,May
CUST03282,Customer_3282,Hyderabad,2021-08-13,3276,2021,August
CUST03283,Customer_3283,Ahmedabad,2023-11-15,1564,2023,November
CUST03284,Customer_3284,Kolkata,2022-06-27,1027,2022,June
CUST03285,Customer_3285,Kolkata,2020-09-01,3704,2020,September
CUST03286,Customer_3286,Kolkata,2022-07-13,3811,2022,July
CUST03287,Customer_3287,Hyderabad,2022-02-20,913,2022,February
CUST03288,Customer_3288,Bangalore,2024-01-09,3843,2024,January
CUST03289,Customer_3289,Bangalore,2020-05-03,770,2020,May
CUST03290,Customer_3290,Bangalore,2021-06-03,3486,2021,June
CUST03291,Customer_3291,Hyderabad,2023-04-27,1983,2023,April
CUST03292,Customer_3292,Bangalore,2021-04-29,3331,2021,April
CUST03293,Customer_3293,Mumbai,2020-07-24,660,2020,July
CUST03294,Customer_3294,Pune,2023-11-20,1159,2023,November
CUST03295,Customer_3295,Mumbai,2022-11-25,527,2022,November
CUST03296,Customer_3296,Mumbai,2021-11-10,3016,2021,November
CUST03297,Customer_3297,Bangalore,2020-01-16,547,2020,January
CUST03298,Customer_3298,Ahmedabad,2023-02-04,3504,2023,February
CUST03299,Customer_3299,Delhi,2023-05-07,1135,2023,May
CUST03300,Customer_3300,Pune,2021-04-24,4637,2021,April
CUST03301,Customer_3301,Hyderabad,2020-07-28,4948,2020,July
CUST03302,Customer_3302,Bangalore,2022-04-21,1714,2022,April
CUST03303,Customer_3303,Mumbai,2023-01-20,4658,2023,January
CUST03304,Customer_3304,Pune,2022-09-29,546,2022,September
CUST03305,Customer_3305,Ahmedabad,2021-05-07,2345,2021,May
CUST03306,Customer_3306,Ahmedabad,2023-12-31,992,2023,December
CUST03307,Customer_3307,Ahmedabad,2024-01-18,1468,2024,January
CUST03308,Customer_3308,Kolkata,2022-09-25,371,2022,September
CUST03309,Customer_3309,Ahmedabad,2022-11-11,1526,2022,November
CUST03310,Customer_3310,Chennai,2022-06-13,3209,2022,June
CUST03311,Customer_3311,Mumbai,2020-08-08,1896,2020,August
CUST03312,Customer_3312,Kolkata,2023-11-24,2317,2023,November
CUST03313,Customer_3313,Ahmedabad,2023-04-15,3343,2023,April
CUST03314,Customer_3314,Mumbai,2020-02-04,3689,2020,February
CUST03315,Customer_3315,Kolkata,2020-05-26,2687,2020,May
CUST03316,Customer_3316,Mumbai,2021-02-07,1447,2021,February
CUST03317,Customer_3317,Chennai,2023-08-21,2228,2023,August
CUST03318,Customer_3318,Ahmedabad,2022-01-02,1681,2022,January
CUST03319,Customer_3319,Hyderabad,2021-12-25,4832,2021,December
CUST03320,Customer_3320,Hyderabad,2022-02-15,2296,2022,February
CUST03321,Customer_3321,Delhi,2023-09-06,3787,2023,September
CUST03322,Customer_3322,Hyderabad,2023-07-26,4443,2023,July
CUST03323,Customer_3323,Ahmedabad,2023-12-20,3658,2023,December
CUST03324,Customer_3324,Kolkata,2020-08-04,4951,2020,August
CUST03325,Customer_3325,Kolkata,2023-04-27,4904,2023,April
CUST03326,Customer_3326,Kolkata,2022-11-03,1326,2022,November
CUST03327,Customer_3327,Hyderabad,2022-07-14,383,2022,July
CUST03328,Customer_3328,Bangalore,2021-08-11,574,2021,August
CUST03329,Customer_3329,Delhi,2022-01-20,2496,2022,January
CUST03330,Customer_3330,Kolkata,2022-02-04,1263,2022,February
CUST03331,Customer_3331,Mumbai,2020-08-13,1401,2020,August
CUST03332,Customer_3332,Delhi,2024-01-10,3149,2024,January
CUST03333,Customer_3333,Bangalore,2021-09-27,4302,2021,September
CUST03334,Customer_3334,Pune,2022-05-15,1142,2022,May
CUST03335,Customer_3335,Bangalore,2021-08-08,1065,2021,August
CUST03336,Customer_3336,Hyderabad,2021-09-21,1809,2021,September
CUST03337,Customer_3337,Hyderabad,2023-05-15,1534,2023,May
CUST03338,Customer_3338,Hyderabad,2023-10-07,1701,2023,October
CUST03339,Customer_3339,Pune,2020-03-21,4923,2020,March
CUST03340,Customer_3340,Ahmedabad,2022-12-26,2264,2022,December
CUST03341,Customer_3341,Pune,2023-01-09,3714,2023,January
CUST03342,Customer_3342,Bangalore,2021-08-21,4428,2021,August
CUST03343,Customer_3343,Chennai,2020-09-09,3165,2020,September
CUST03344,Customer_3344,Delhi,2021-01-21,917,2021,January
CUST03345,Customer_3345,Pune,2021-02-22,2361,2021,February
CUST03346,Customer_3346,Chennai,2021-12-10,3459,2021,December
CUST03347,Customer_3347,Chennai,2021-04-29,442,2021,April
CUST03348,Customer_3348,Hyderabad,2023-05-18,3995,2023,May
CUST03349,Customer_3349,Hyderabad,2021-09-17,134,2021,September
CUST03350,Customer_3350,Bangalore,2021-12-18,4096,2021,December
CUST03351,Customer_3351,Delhi,2020-07-18,2212,2020,July
CUST03352,Customer_3352,Bangalore,2022-04-09,2511,2022,April
CUST03353,Customer_3353,Chennai,2020-11-02,744,2020,November
CUST03354,Customer_3354,Kolkata,2023-10-11,1335,2023,October
CUST03355,Customer_3355,Mumbai,2022-01-17,1574,2022,January
CUST03356,Customer_3356,Bangalore,2023-02-04,3952,2023,February
CUST03357,Customer_3357,Bangalore,2023-06-20,3235,2023,June
CUST03358,Customer_3358,Chennai,2022-05-22,3206,2022,May
CUST03359,Customer_3359,Ahmedabad,2021-04-23,3515,2021,April
CUST03360,Customer_3360,Mumbai,2021-05-25,131,2021,May
CUST03361,Customer_3361,Delhi,2021-12-28,771,2021,December
CUST03362,Customer_3362,Mumbai,2023-12-19,2578,2023,December
CUST03363,Customer_3363,Delhi,2021-01-07,2273,2021,January
CUST03364,Customer_3364,Delhi,2022-03-20,2499,2022,March
CUST03365,Customer_3365,Pune,2023-09-11,72,2023,September
CUST03366,Customer_3366,Delhi,2023-10-06,1221,2023,October
CUST03367,Customer_3367,Delhi,2020-12-21,1018,2020,December
CUST03368,Customer_3368,Delhi,2020-09-10,3306,2020,September
CUST03369,Customer_3369,Pune,2023-09-14,4189,2023,September
CUST03370,Customer_3370,Ahmedabad,2021-08-19,3296,2021,August
CUST03371,Customer_3371,Kolkata,2020-05-30,1167,2020,May
CUST03372,Customer_3372,Chennai,2023-11-11,4685,2023,November
CUST03373,Customer_3373,Mumbai,2020-03-31,4364,2020,March
CUST03374,Customer_3374,Pune,2021-08-29,3811,2021,August
CUST03375,Customer_3375,Pune,2020-08-18,126,2020,August
CUST03376,Customer_3376,Hyderabad,2024-02-06,2652,2024,February
CUST03377,Customer_3377,Kolkata,2020-07-29,299,2020,July
CUST03378,Customer_3378,Ahmedabad,2021-11-14,820,2021,November
CUST03379,Customer_3379,Pune,2023-07-28,1769,2023,July
CUST03380,Customer_3380,Delhi,2021-08-19,1625,2021,August
CUST03381,Customer_3381,Mumbai,2023-01-13,2286,2023,January
CUST03382,Customer_3382,Hyderabad,2023-06-22,4654,2023,June
CUST03383,Customer_3383,Delhi,2022-06-14,1308,2022,June
CUST03384,Customer_3384,Delhi,2023-07-21,4183,2023,July
CUST03385,Customer_3385,Bangalore,2021-06-09,2601,2021,June
CUST03386,Customer_3386,Delhi,2023-05-13,3727,2023,May
CUST03387,Customer_3387,Pune,2020-05-21,4555,2020,May
CUST03388,Customer_3388,Mumbai,2023-09-10,341,2023,September
CUST03389,Customer_3389,Delhi,2021-10-22,2869,2021,October
CUST03390,Customer_3390,Kolkata,2022-07-02,797,2022,July
CUST03391,Customer_3391,Hyderabad,2020-07-16,2418,2020,July
CUST03392,Customer_3392,Delhi,2022-06-29,495,2022,June
CUST03393,Customer_3393,Bangalore,2023-06-15,4376,2023,June
CUST03394,Customer_3394,Pune,2023-12-25,4622,2023,December
CUST03395,Customer_3395,Ahmedabad,2022-10-07,2136,2022,October
CUST03396,Customer_3396,Ahmedabad,2023-02-26,2589,2023,February
CUST03397,Customer_3397,Delhi,2022-02-08,4937,2022,February
CUST03398,Customer_3398,Pune,2023-05-16,1530,2023,May
CUST03399,Customer_3399,Bangalore,2022-12-19,465,2022,December
CUST03400,Customer_3400,Bangalore,2020-03-28,3235,2020,March
CUST03401,Customer_3401,Chennai,2020-02-22,721,2020,February
CUST03402,Customer_3402,Mumbai,2020-01-30,2005,2020,January
CUST03403,Customer_3403,Ahmedabad,2021-05-26,2093,2021,May
CUST03404,Customer_3404,Chennai,2020-11-02,2010,2020,November
CUST03405,Customer_3405,Ahmedabad,2023-02-24,4973,2023,February
CUST03406,Customer_3406,Kolkata,2023-04-22,621,2023,April
CUST03407,Customer_3407,Chennai,2022-09-02,4866,2022,September
CUST03408,Customer_3408,Mumbai,2022-09-13,2465,2022,September
CUST03409,Customer_3409,Bangalore,2023-07-01,2338,2023,July
CUST03410,Customer_3410,Delhi,2023-03-03,3245,2023,March
CUST03411,Customer_3411,Kolkata,2022-01-26,4235,2022,January
CUST03412,Customer_3412,Kolkata,2023-06-01,1365,2023,June
CUST03413,Customer_3413,Chennai,2022-08-22,339,2022,August
CUST03414,Customer_3414,Hyderabad,2024-01-23,44,2024,January
CUST03415,Customer_3415,Kolkata,2021-07-17,944,2021,July
CUST03416,Customer_3416,Bangalore,2022-07-19,1263,2022,July
CUST03417,Customer_3417,Bangalore,2023-10-01,4440,2023,October
CUST03418,Customer_3418,Ahmedabad,2021-08-12,501,2021,August
CUST03419,Customer_3419,Chennai,2021-06-03,1222,2021,June
CUST03420,Customer_3420,Hyderabad,2021-12-14,3374,2021,December
CUST03421,Customer_3421,Ahmedabad,2020-06-27,3870,2020,June
CUST03422,Customer_3422,Bangalore,2020-07-01,241,2020,July
CUST03423,Customer_3423,Chennai,2021-07-25,3925,2021,July
CUST03424,Customer_3424,Kolkata,2022-10-14,4555,2022,October
CUST03425,Customer_3425,Chennai,2021-01-15,4632,2021,January
CUST03426,Customer_3426,Chennai,2021-05-28,3318,2021,May
CUST03427,Customer_3427,Kolkata,2021-07-07,2454,2021,July
CUST03428,Customer_3428,Hyderabad,2021-06-12,2576,2021,June
CUST03429,Customer_3429,Ahmedabad,2023-07-27,3093,2023,July
CUST03430,Customer_3430,Ahmedabad,2021-05-24,3131,2021,May
CUST03431,Customer_3431,Bangalore,2023-02-04,3016,2023,February
CUST03432,Customer_3432,Pune,2020-08-16,622,2020,August
CUST03433,Customer_3433,Kolkata,2020-12-29,3088,2020,December
CUST03434,Customer_3434,Kolkata,2020-03-15,4260,2020,March
CUST03435,Customer_3435,Chennai,2020-03-12,1589,2020,March
CUST03436,Customer_3436,Delhi,2020-08-22,4477,2020,August
CUST03437,Customer_3437,Pune,2021-05-06,3272,2021,May
CUST03438,Customer_3438,Mumbai,2020-12-18,4455,2020,December
CUST03439,Customer_3439,Delhi,2020-09-08,1256,2020,September
CUST03440,Customer_3440,Ahmedabad,2023-10-05,4213,2023,October
CUST03441,Customer_3441,Delhi,2023-08-01,2096,2023,August
CUST03442,Customer_3442,Delhi,2021-12-27,2712,2021,December
CUST03443,Customer_3443,Hyderabad,2020-10-18,703,2020,October
CUST03444,Customer_3444,Ahmedabad,2022-10-14,3964,2022,October
CUST03445,Customer_3445,Chennai,2023-12-30,41,2023,December
CUST03446,Customer_3446,Mumbai,2020-05-10,4622,2020,May
CUST03447,Customer_3447,Bangalore,2021-01-05,768,2021,January
CUST03448,Customer_3448,Kolkata,2022-09-28,705,2022,September
CUST03449,Customer_3449,Kolkata,2023-06-08,789,2023,June
CUST03450,Customer_3450,Mumbai,2023-07-12,1247,2023,July
CUST03451,Customer_3451,Pune,2023-05-02,1430,2023,May
CUST03452,Customer_3452,Delhi,2022-07-09,3817,2022,July
CUST03453,Customer_3453,Bangalore,2022-10-01,3408,2022,October
CUST03454,Customer_3454,Hyderabad,2023-06-26,1377,2023,June
CUST03455,Customer_3455,Delhi,2021-02-14,4298,2021,February
CUST03456,Customer_3456,Ahmedabad,2023-08-03,3089,2023,August
CUST03457,Customer_3457,Kolkata,2021-07-31,2156,2021,July
CUST03458,Customer_3458,Hyderabad,2021-08-09,4314,2021,August
CUST03459,Customer_3459,Bangalore,2022-06-04,4350,2022,June
CUST03460,Customer_3460,Ahmedabad,2021-01-21,2616,2021,January
CUST03461,Customer_3461,Chennai,2022-02-13,305,2022,February
CUST03462,Customer_3462,Pune,2021-12-19,2088,2021,December
CUST03463,Customer_3463,Hyderabad,2022-03-07,4805,2022,March
CUST03464,Customer_3464,Bangalore,2020-09-09,718,2020,September
CUST03465,Customer_3465,Ahmedabad,2021-09-28,3731,2021,September
CUST03466,Customer_3466,Hyderabad,2020-07-16,4307,2020,July
CUST03467,Customer_3467,Ahmedabad,2023-09-22,2423,2023,September
CUST03468,Customer_3468,Ahmedabad,2021-11-29,456,2021,November
CUST03469,Customer_3469,Delhi,2023-09-01,3413,2023,September
CUST03470,Customer_3470,Chennai,2022-12-01,3495,2022,December
CUST03471,Customer_3471,Chennai,2023-08-04,1535,2023,August
CUST03472,Customer_3472,Bangalore,2021-07-16,1990,2021,July
CUST03473,Customer_3473,Chennai,2021-02-03,1368,2021,February
CUST03474,Customer_3474,Ahmedabad,2023-07-04,4210,2023,July
CUST03475,Customer_3475,Pune,2022-03-19,397,2022,March
CUST03476,Customer_3476,Bangalore,2023-06-19,1699,2023,June
CUST03477,Customer_3477,Kolkata,2023-12-13,2561,2023,December
CUST03478,Customer_3478,Mumbai,2020-06-25,3853,2020,June
CUST03479,Customer_3479,Hyderabad,2020-09-26,3334,2020,September
CUST03480,Customer_3480,Mumbai,2021-05-07,491,2021,May
CUST03481,Customer_3481,Mumbai,2023-03-02,964,2023,March
CUST03482,Customer_3482,Delhi,2023-09-05,4271,2023,September
CUST03483,Customer_3483,Mumbai,2022-08-25,3425,2022,August
CUST03484,Customer_3484,Kolkata,2021-09-28,4880,2021,September
CUST03485,Customer_3485,Chennai,2022-10-01,724,2022,October
CUST03486,Customer_3486,Bangalore,2020-08-12,520,2020,August
CUST03487,Customer_3487,Bangalore,2021-06-03,2826,2021,June
CUST03488,Customer_3488,Delhi,2023-01-15,4924,2023,January
CUST03489,Customer_3489,Mumbai,2022-08-31,649,2022,August
CUST03490,Customer_3490,Chennai,2020-12-07,2748,2020,December
CUST03491,Customer_3491,Hyderabad,2020-06-04,3047,2020,June
CUST03492,Customer_3492,Bangalore,2022-06-28,2911,2022,June
CUST03493,Customer_3493,Mumbai,2022-06-02,849,2022,June
CUST03494,Customer_3494,Mumbai,2022-12-18,1173,2022,December
CUST03495,Customer_3495,Pune,2023-12-10,4308,2023,December
CUST03496,Customer_3496,Hyderabad,2021-06-02,717,2021,June
CUST03497,Customer_3497,Bangalore,2022-11-15,1195,2022,November
CUST03498,Customer_3498,Delhi,2021-01-25,4212,2021,January
CUST03499,Customer_3499,Bangalore,2021-05-19,4825,2021,May
CUST03500,Customer_3500,Delhi,2023-12-13,71,2023,December
CUST03501,Customer_3501,Hyderabad,2021-12-19,3592,2021,December
CUST03502,Customer_3502,Ahmedabad,2023-05-05,1881,2023,May
CUST03503,Customer_3503,Pune,2023-08-16,2103,2023,August
CUST03504,Customer_3504,Hyderabad,2022-10-30,468,2022,October
CUST03505,Customer_3505,Pune,2022-11-18,186,2022,November
CUST03506,Customer_3506,Ahmedabad,2023-03-01,1360,2023,March
CUST03507,Customer_3507,Delhi,2023-12-23,2122,2023,December
CUST03508,Customer_3508,Pune,2021-02-04,4374,2021,February
CUST03509,Customer_3509,Hyderabad,2024-01-07,1567,2024,January
CUST03510,Customer_3510,Delhi,2022-11-12,4721,2022,November
CUST03511,Customer_3511,Hyderabad,2023-06-20,1295,2023,June
CUST03512,Customer_3512,Kolkata,2023-08-28,4947,2023,August
CUST03513,Customer_3513,Ahmedabad,2021-09-15,120,2021,September
CUST03514,Customer_3514,Kolkata,2024-01-03,4412,2024,January
CUST03515,Customer_3515,Bangalore,2021-10-14,4591,2021,October
CUST03516,Customer_3516,Hyderabad,2020-11-17,4984,2020,November
CUST03517,Customer_3517,Mumbai,2020-10-05,3393,2020,October
CUST03518,Customer_3518,Bangalore,2020-02-05,4809,2020,February
CUST03519,Customer_3519,Mumbai,2021-01-11,1838,2021,January
CUST03520,Customer_3520,Bangalore,2023-04-14,4027,2023,April
CUST03521,Customer_3521,Kolkata,2023-09-30,814,2023,September
CUST03522,Customer_3522,Hyderabad,2022-09-23,2199,2022,September
CUST03523,Customer_3523,Ahmedabad,2022-11-29,2807,2022,November
CUST03524,Customer_3524,Pune,2021-11-07,4881,2021,November
CUST03525,Customer_3525,Chennai,2020-07-03,1860,2020,July
CUST03526,Customer_3526,Delhi,2023-11-27,4642,2023,November
CUST03527,Customer_3527,Ahmedabad,2020-01-24,3417,2020,January
CUST03528,Customer_3528,Bangalore,2021-05-26,4494,2021,May
CUST03529,Customer_3529,Delhi,2023-04-25,2582,2023,April
CUST03530,Customer_3530,Bangalore,2021-10-21,2187,2021,October
CUST03531,Customer_3531,Chennai,2020-11-22,1160,2020,November
CUST03532,Customer_3532,Mumbai,2021-07-10,2029,2021,July
CUST03533,Customer_3533,Pune,2021-11-29,4846,2021,November
CUST03534,Customer_3534,Hyderabad,2022-05-12,1802,2022,May
CUST03535,Customer_3535,Chennai,2021-06-18,4557,2021,June
CUST03536,Customer_3536,Hyderabad,2023-01-09,4319,2023,January
CUST03537,Customer_3537,Hyderabad,2022-03-28,4784,2022,March
CUST03538,Customer_3538,Chennai,2023-02-02,2174,2023,February
CUST03539,Customer_3539,Mumbai,2023-07-08,4303,2023,July
CUST03540,Customer_3540,Delhi,2023-06-18,1410,2023,June
CUST03541,Customer_3541,Bangalore,2022-09-09,3171,2022,September
CUST03542,Customer_3542,Hyderabad,2023-08-18,1875,2023,August
CUST03543,Customer_3543,Ahmedabad,2022-05-11,3323,2022,May
CUST03544,Customer_3544,Bangalore,2023-09-13,683,2023,September
CUST03545,Customer_3545,Pune,2021-12-08,1820,2021,December
CUST03546,Customer_3546,Chennai,2023-05-23,2831,2023,May
CUST03547,Customer_3547,Bangalore,2021-02-25,2785,2021,February
CUST03548,Customer_3548,Ahmedabad,2023-09-20,1932,2023,September
CUST03549,Customer_3549,Chennai,2023-02-25,1936,2023,February
CUST03550,Customer_3550,Kolkata,2021-04-21,4567,2021,April
CUST03551,Customer_3551,Chennai,2022-08-02,2273,2022,August
CUST03552,Customer_3552,Mumbai,2021-02-16,1219,2021,February
CUST03553,Customer_3553,Mumbai,2021-06-15,3161,2021,June
CUST03554,Customer_3554,Mumbai,2020-02-24,3718,2020,February
CUST03555,Customer_3555,Ahmedabad,2022-07-08,2191,2022,July
CUST03556,Customer_3556,Chennai,2021-01-13,2269,2021,January
CUST03557,Customer_3557,Chennai,2022-10-16,4219,2022,October
CUST03558,Customer_3558,Bangalore,2023-09-27,4616,2023,September
CUST03559,Customer_3559,Mumbai,2022-12-15,845,2022,December
CUST03560,Customer_3560,Ahmedabad,2021-05-19,4821,2021,May
CUST03561,Customer_3561,Chennai,2023-02-14,46,2023,February
CUST03562,Customer_3562,Bangalore,2020-08-10,779,2020,August
CUST03563,Customer_3563,Hyderabad,2021-02-15,2490,2021,February
CUST03564,Customer_3564,Bangalore,2023-02-18,4741,2023,February
CUST03565,Customer_3565,Pune,2023-10-30,3115,2023,October
CUST03566,Customer_3566,Ahmedabad,2023-04-06,768,2023,April
CUST03567,Customer_3567,Delhi,2021-09-01,1625,2021,September
CUST03568,Customer_3568,Kolkata,2023-07-01,1437,2023,July
CUST03569,Customer_3569,Mumbai,2022-04-08,3931,2022,April
CUST03570,Customer_3570,Bangalore,2024-01-18,3167,2024,January
CUST03571,Customer_3571,Chennai,2022-11-12,790,2022,November
CUST03572,Customer_3572,Pune,2022-08-22,3068,2022,August
CUST03573,Customer_3573,Delhi,2021-06-26,4793,2021,June
CUST03574,Customer_3574,Chennai,2021-04-24,279,2021,April
CUST03575,Customer_3575,Pune,2022-05-06,952,2022,May
CUST03576,Customer_3576,Pune,2022-12-14,2048,2022,December
CUST03577,Customer_3577,Ahmedabad,2023-10-06,1933,2023,October
CUST03578,Customer_3578,Delhi,2022-11-27,809,2022,November
CUST03579,Customer_3579,Mumbai,2022-02-17,1552,2022,February
CUST03580,Customer_3580,Chennai,2021-06-18,2800,2021,June
CUST03581,Customer_3581,Pune,2021-03-31,3862,2021,March
CUST03582,Customer_3582,Mumbai,2022-05-05,2317,2022,May
CUST03583,Customer_3583,Ahmedabad,2022-12-26,1172,2022,December
CUST03584,Customer_3584,Pune,2021-01-06,810,2021,January
CUST03585,Customer_3585,Mumbai,2023-07-12,1299,2023,July
CUST03586,Customer_3586,Ahmedabad,2024-01-06,2299,2024,January
CUST03587,Customer_3587,Bangalore,2021-06-18,141,2021,June
CUST03588,Customer_3588,Hyderabad,2021-05-16,1528,2021,May
CUST03589,Customer_3589,Pune,2023-03-20,4950,2023,March
CUST03590,Customer_3590,Kolkata,2024-02-09,4366,2024,February
CUST03591,Customer_3591,Bangalore,2023-03-24,3503,2023,March
CUST03592,Customer_3592,Delhi,2021-01-26,2809,2021,January
CUST03593,Customer_3593,Chennai,2022-09-05,210,2022,September
CUST03594,Customer_3594,Mumbai,2021-08-31,3863,2021,August
CUST03595,Customer_3595,Mumbai,2022-08-09,3294,2022,August
CUST03596,Customer_3596,Kolkata,2023-05-02,444,2023,May
CUST03597,Customer_3597,Pune,2023-09-04,607,2023,September
CUST03598,Customer_3598,Kolkata,2022-01-26,2415,2022,January
CUST03599,Customer_3599,Pune,2021-01-31,3817,2021,January
CUST03600,Customer_3600,Bangalore,2020-02-14,3684,2020,February
CUST03601,Customer_3601,Hyderabad,2023-06-12,2133,2023,June
CUST03602,Customer_3602,Kolkata,2022-04-30,4761,2022,April
CUST03603,Customer_3603,Bangalore,2020-05-29,3473,2020,May
CUST03604,Customer_3604,Hyderabad,2020-11-30,1355,2020,November
CUST03605,Customer_3605,Delhi,2023-01-07,2207,2023,January
CUST03606,Customer_3606,Mumbai,2021-01-08,2747,2021,January
CUST03607,Customer_3607,Pune,2020-08-24,1993,2020,August
CUST03608,Customer_3608,Delhi,2022-08-31,704,2022,August
CUST03609,Customer_3609,Kolkata,2022-05-11,3726,2022,May
CUST03610,Customer_3610,Kolkata,2021-01-22,3629,2021,January
CUST03611,Customer_3611,Hyderabad,2021-11-23,3772,2021,November
CUST03612,Customer_3612,Mumbai,2024-01-24,2858,2024,January
CUST03613,Customer_3613,Delhi,2021-05-20,2530,2021,May
CUST03614,Customer_3614,Ahmedabad,2020-12-12,4059,2020,December
CUST03615,Customer_3615,Ahmedabad,2021-12-27,204,2021,December
CUST03616,Customer_3616,Delhi,2022-03-11,1689,2022,March
CUST03617,Customer_3617,Bangalore,2023-09-18,3677,2023,September
CUST03618,Customer_3618,Kolkata,2021-05-08,3130,2021,May
CUST03619,Customer_3619,Kolkata,2021-08-29,4987,2021,August
CUST03620,Customer_3620,Mumbai,2020-10-02,1075,2020,October
CUST03621,Customer_3621,Mumbai,2020-05-07,4067,2020,May
CUST03622,Customer_3622,Bangalore,2022-03-19,4451,2022,March
CUST03623,Customer_3623,Pune,2020-05-20,1963,2020,May
CUST03624,Customer_3624,Ahmedabad,2021-08-07,3984,2021,August
CUST03625,Customer_3625,Bangalore,2023-09-21,2461,2023,September
CUST03626,Customer_3626,Bangalore,2023-09-26,1685,2023,September
CUST03627,Customer_3627,Chennai,2020-05-21,3676,2020,May
CUST03628,Customer_3628,Pune,2023-09-18,1273,2023,September
CUST03629,Customer_3629,Bangalore,2022-05-05,2093,2022,May
CUST03630,Customer_3630,Chennai,2022-05-19,602,2022,May
CUST03631,Customer_3631,Bangalore,2023-11-12,910,2023,November
CUST03632,Customer_3632,Hyderabad,2021-08-02,3680,2021,August
CUST03633,Customer_3633,Kolkata,2021-01-13,2959,2021,January
CUST03634,Customer_3634,Bangalore,2022-04-03,2825,2022,April
CUST03635,Customer_3635,Hyderabad,2021-08-19,243,2021,August
CUST03636,Customer_3636,Ahmedabad,2022-06-12,495,2022,June
CUST03637,Customer_3637,Bangalore,2021-04-14,2508,2021,April
CUST03638,Customer_3638,Ahmedabad,2022-02-03,4462,2022,February
CUST03639,Customer_3639,Kolkata,2021-04-28,4591,2021,April
CUST03640,Customer_3640,Hyderabad,2020-07-16,2912,2020,July
CUST03641,Customer_3641,Chennai,2023-10-30,1893,2023,October
CUST03642,Customer_3642,Pune,2020-07-12,3609,2020,July
CUST03643,Customer_3643,Bangalore,2022-01-19,4197,2022,January
CUST03644,Customer_3644,Hyderabad,2022-12-03,2396,2022,December
CUST03645,Customer_3645,Bangalore,2020-05-22,2607,2020,May
CUST03646,Customer_3646,Mumbai,2024-01-03,2275,2024,January
CUST03647,Customer_3647,Kolkata,2022-07-18,1339,2022,July
CUST03648,Customer_3648,Delhi,2020-08-11,1594,2020,August
CUST03649,Customer_3649,Mumbai,2020-03-22,3221,2020,March
CUST03650,Customer_3650,Hyderabad,2021-07-29,779,2021,July
CUST03651,Customer_3651,Chennai,2021-07-26,503,2021,July
CUST03652,Customer_3652,Chennai,2020-08-11,2371,2020,August
CUST03653,Customer_3653,Kolkata,2020-03-22,2357,2020,March
CUST03654,Customer_3654,Pune,2020-03-04,2802,2020,March
CUST03655,Customer_3655,Kolkata,2021-06-21,4069,2021,June
CUST03656,Customer_3656,Delhi,2021-07-08,3889,2021,July
CUST03657,Customer_3657,Delhi,2020-09-02,4120,2020,September
CUST03658,Customer_3658,Delhi,2022-03-14,1147,2022,March
CUST03659,Customer_3659,Bangalore,2020-08-29,4306,2020,August
CUST03660,Customer_3660,Kolkata,2022-10-31,424,2022,October
CUST03661,Customer_3661,Pune,2023-07-05,2236,2023,July
CUST03662,Customer_3662,Ahmedabad,2022-09-17,2379,2022,September
CUST03663,Customer_3663,Delhi,2021-02-20,2201,2021,February
CUST03664,Customer_3664,Ahmedabad,2023-11-28,1398,2023,November
CUST03665,Customer_3665,Ahmedabad,2021-05-25,4927,2021,May
CUST03666,Customer_3666,Delhi,2020-11-14,477,2020,November
CUST03667,Customer_3667,Delhi,2021-03-21,1837,2021,March
CUST03668,Customer_3668,Hyderabad,2021-09-19,1414,2021,September
CUST03669,Customer_3669,Chennai,2020-10-15,2065,2020,October
CUST03670,Customer_3670,Hyderabad,2020-06-13,2359,2020,June
CUST03671,Customer_3671,Ahmedabad,2020-05-24,625,2020,May
CUST03672,Customer_3672,Mumbai,2023-11-23,4615,2023,November
CUST03673,Customer_3673,Mumbai,2023-07-03,858,2023,July
CUST03674,Customer_3674,Mumbai,2021-10-25,2430,2021,October
CUST03675,Customer_3675,Chennai,2020-09-04,2278,2020,September
CUST03676,Customer_3676,Ahmedabad,2020-03-25,1846,2020,March
CUST03677,Customer_3677,Hyderabad,2023-12-02,3816,2023,December
CUST03678,Customer_3678,Ahmedabad,2020-09-28,1336,2020,September
CUST03679,Customer_3679,Ahmedabad,2020-01-22,4169,2020,January
CUST03680,Customer_3680,Hyderabad,2021-04-28,1904,2021,April
CUST03681,Customer_3681,Pune,2020-09-13,964,2020,September
CUST03682,Customer_3682,Chennai,2020-03-16,887,2020,March
CUST03683,Customer_3683,Chennai,2022-11-28,106,2022,November
CUST03684,Customer_3684,Mumbai,2023-12-17,3285,2023,December
CUST03685,Customer_3685,Kolkata,2022-07-01,1447,2022,July
CUST03686,Customer_3686,Ahmedabad,2021-02-05,1243,2021,February
CUST03687,Customer_3687,Ahmedabad,2021-09-18,780,2021,September
CUST03688,Customer_3688,Bangalore,2021-01-12,4407,2021,January
CUST03689,Customer_3689,Pune,2021-04-02,4749,2021,April
CUST03690,Customer_3690,Pune,2022-04-16,4182,2022,April
CUST03691,Customer_3691,Delhi,2023-01-14,2564,2023,January
CUST03692,Customer_3692,Mumbai,2020-01-11,429,2020,January
CUST03693,Customer_3693,Ahmedabad,2021-08-08,3258,2021,August
CUST03694,Customer_3694,Pune,2024-01-12,250,2024,January
CUST03695,Customer_3695,Pune,2020-09-12,805,2020,September
CUST03696,Customer_3696,Kolkata,2020-02-07,210,2020,February
CUST03697,Customer_3697,Mumbai,2022-03-04,1117,2022,March
CUST03698,Customer_3698,Delhi,2022-04-12,847,2022,April
CUST03699,Customer_3699,Bangalore,2023-05-25,4423,2023,May
CUST03700,Customer_3700,Pune,2023-04-02,31,2023,April
CUST03701,Customer_3701,Bangalore,2022-09-19,4075,2022,September
CUST03702,Customer_3702,Kolkata,2020-09-29,4116,2020,September
CUST03703,Customer_3703,Kolkata,2020-04-14,212,2020,April
CUST03704,Customer_3704,Ahmedabad,2020-03-20,134,2020,March
CUST03705,Customer_3705,Delhi,2021-07-13,2763,2021,July
CUST03706,Customer_3706,Kolkata,2024-01-28,4090,2024,January
CUST03707,Customer_3707,Kolkata,2020-08-04,2820,2020,August
CUST03708,Customer_3708,Hyderabad,2020-01-24,542,2020,January
CUST03709,Customer_3709,Pune,2023-10-08,2539,2023,October
CUST03710,Customer_3710,Ahmedabad,2020-05-04,4330,2020,May
CUST03711,Customer_3711,Mumbai,2023-07-28,3119,2023,July
CUST03712,Customer_3712,Delhi,2021-07-27,3173,2021,July
CUST03713,Customer_3713,Hyderabad,2022-07-20,130,2022,July
CUST03714,Customer_3714,Hyderabad,2023-10-08,4561,2023,October
CUST03715,Customer_3715,Chennai,2020-07-01,1029,2020,July
CUST03716,Customer_3716,Kolkata,2020-08-07,710,2020,August
CUST03717,Customer_3717,Hyderabad,2024-01-28,1236,2024,January
CUST03718,Customer_3718,Ahmedabad,2023-09-21,4825,2023,September
CUST03719,Customer_3719,Delhi,2022-10-29,1527,2022,October
CUST03720,Customer_3720,Bangalore,2021-02-25,2514,2021,February
CUST03721,Customer_3721,Chennai,2022-01-10,102,2022,January
CUST03722,Customer_3722,Kolkata,2022-11-28,4988,2022,November
CUST03723,Customer_3723,Mumbai,2021-06-20,3947,2021,June
CUST03724,Customer_3724,Ahmedabad,2020-01-29,4042,2020,January
CUST03725,Customer_3725,Chennai,2021-05-13,3688,2021,May
CUST03726,Customer_3726,Bangalore,2022-04-01,3894,2022,April
CUST03727,Customer_3727,Ahmedabad,2021-03-29,3188,2021,March
CUST03728,Customer_3728,Ahmedabad,2021-06-02,1596,2021,June
CUST03729,Customer_3729,Hyderabad,2024-01-22,4275,2024,January
CUST03730,Customer_3730,Ahmedabad,2022-04-17,3231,2022,April
CUST03731,Customer_3731,Mumbai,2022-09-20,489,2022,September
CUST03732,Customer_3732,Pune,2024-02-05,2224,2024,February
CUST03733,Customer_3733,Bangalore,2023-05-07,1127,2023,May
CUST03734,Customer_3734,Chennai,2022-11-02,537,2022,November
CUST03735,Customer_3735,Kolkata,2020-06-05,942,2020,June
CUST03736,Customer_3736,Ahmedabad,2020-09-08,2134,2020,September
CUST03737,Customer_3737,Chennai,2023-03-03,4819,2023,March
CUST03738,Customer_3738,Chennai,2022-04-27,4358,2022,April
CUST03739,Customer_3739,Chennai,2020-07-01,3767,2020,July
CUST03740,Customer_3740,Mumbai,2021-09-10,4669,2021,September
CUST03741,Customer_3741,Ahmedabad,2021-08-16,4055,2021,August
CUST03742,Customer_3742,Pune,2023-07-07,337,2023,July
CUST03743,Customer_3743,Kolkata,2023-08-15,986,2023,August
CUST03744,Customer_3744,Chennai,2023-09-03,3787,2023,September
CUST03745,Customer_3745,Hyderabad,2022-06-25,2480,2022,June
CUST03746,Customer_3746,Delhi,2023-08-27,717,2023,August
CUST03747,Customer_3747,Pune,2021-06-05,1152,2021,June
CUST03748,Customer_3748,Mumbai,2021-08-29,1191,2021,August
CUST03749,Customer_3749,Delhi,2021-11-03,63,2021,November
CUST03750,Customer_3750,Delhi,2023-04-22,1832,2023,April
CUST03751,Customer_3751,Ahmedabad,2023-11-09,75,2023,November
CUST03752,Customer_3752,Chennai,2022-09-02,3921,2022,September
CUST03753,Customer_3753,Hyderabad,2023-12-12,1255,2023,December
CUST03754,Customer_3754,Bangalore,2021-04-29,3541,2021,April
CUST03755,Customer_3755,Chennai,2020-06-20,2988,2020,June
CUST03756,Customer_3756,Kolkata,2022-09-21,1455,2022,September
CUST03757,Customer_3757,Pune,2022-09-11,4697,2022,September
CUST03758,Customer_3758,Ahmedabad,2022-11-05,1996,2022,November
CUST03759,Customer_3759,Kolkata,2020-02-07,2059,2020,February
CUST03760,Customer_3760,Pune,2022-09-16,4012,2022,September
CUST03761,Customer_3761,Bangalore,2021-02-28,3367,2021,February
CUST03762,Customer_3762,Bangalore,2022-02-12,4865,2022,February
CUST03763,Customer_3763,Bangalore,2020-04-20,1011,2020,April
CUST03764,Customer_3764,Kolkata,2020-03-23,3009,2020,March
CUST03765,Customer_3765,Bangalore,2021-04-03,2890,2021,April
CUST03766,Customer_3766,Kolkata,2020-06-29,3297,2020,June
CUST03767,Customer_3767,Delhi,2022-09-19,4767,2022,September
CUST03768,Customer_3768,Bangalore,2022-11-20,4554,2022,November
CUST03769,Customer_3769,Chennai,2023-11-23,2867,2023,November
CUST03770,Customer_3770,Chennai,2022-06-19,2995,2022,June
CUST03771,Customer_3771,Chennai,2023-06-05,2405,2023,June
CUST03772,Customer_3772,Chennai,2023-07-03,85,2023,July
CUST03773,Customer_3773,Kolkata,2021-07-18,211,2021,July
CUST03774,Customer_3774,Hyderabad,2022-04-10,3100,2022,April
CUST03775,Customer_3775,Bangalore,2023-12-13,42,2023,December
CUST03776,Customer_3776,Ahmedabad,2020-10-24,4369,2020,October
CUST03777,Customer_3777,Ahmedabad,2024-01-19,1245,2024,January
CUST03778,Customer_3778,Ahmedabad,2021-08-09,3170,2021,August
CUST03779,Customer_3779,Pune,2023-02-16,1017,2023,February
CUST03780,Customer_3780,Mumbai,2023-04-11,2918,2023,April
CUST03781,Customer_3781,Pune,2020-12-08,3121,2020,December
CUST03782,Customer_3782,Chennai,2020-07-30,2222,2020,July
CUST03783,Customer_3783,Bangalore,2023-02-21,508,2023,February
CUST03784,Customer_3784,Delhi,2022-11-15,2920,2022,November
CUST03785,Customer_3785,Kolkata,2021-04-29,1160,2021,April
CUST03786,Customer_3786,Hyderabad,2020-04-26,813,2020,April
CUST03787,Customer_3787,Pune,2023-03-05,616,2023,March
CUST03788,Customer_3788,Ahmedabad,2022-09-18,2608,2022,September
CUST03789,Customer_3789,Ahmedabad,2020-08-18,540,2020,August
CUST03790,Customer_3790,Bangalore,2022-04-14,1221,2022,April
CUST03791,Customer_3791,Hyderabad,2021-11-27,1517,2021,November
CUST03792,Customer_3792,Chennai,2020-04-16,411,2020,April
CUST03793,Customer_3793,Chennai,2022-01-26,4809,2022,January
CUST03794,Customer_3794,Mumbai,2022-10-08,3153,2022,October
CUST03795,Customer_3795,Hyderabad,2023-04-15,2484,2023,April
CUST03796,Customer_3796,Chennai,2023-12-31,3563,2023,December
CUST03797,Customer_3797,Delhi,2022-09-15,4193,2022,September
CUST03798,Customer_3798,Bangalore,2022-07-05,2202,2022,July
CUST03799,Customer_3799,Ahmedabad,2022-11-21,4531,2022,November
CUST03800,Customer_3800,Pune,2023-01-16,2468,2023,January
CUST03801,Customer_3801,Pune,2022-07-08,2457,2022,July
CUST03802,Customer_3802,Bangalore,2022-04-03,1964,2022,April
CUST03803,Customer_3803,Pune,2022-01-24,3684,2022,January
CUST03804,Customer_3804,Bangalore,2022-04-19,148,2022,April
CUST03805,Customer_3805,Delhi,2023-04-24,4028,2023,April
CUST03806,Customer_3806,Chennai,2022-03-14,246,2022,March
CUST03807,Customer_3807,Chennai,2022-01-24,3343,2022,January
CUST03808,Customer_3808,Kolkata,2023-08-29,2610,2023,August
CUST03809,Customer_3809,Mumbai,2023-03-31,702,2023,March
CUST03810,Customer_3810,Pune,2022-01-07,2255,2022,January
CUST03811,Customer_3811,Mumbai,2020-09-21,1836,2020,September
CUST03812,Customer_3812,Hyderabad,2023-04-26,3360,2023,April
CUST03813,Customer_3813,Mumbai,2022-05-28,3409,2022,May
CUST03814,Customer_3814,Ahmedabad,2022-02-12,3748,2022,February
CUST03815,Customer_3815,Mumbai,2023-02-26,2878,2023,February
CUST03816,Customer_3816,Pune,2023-09-24,2922,2023,September
CUST03817,Customer_3817,Hyderabad,2023-05-19,3506,2023,May
CUST03818,Customer_3818,Chennai,2021-11-26,2135,2021,November
CUST03819,Customer_3819,Chennai,2020-05-17,2416,2020,May
CUST03820,Customer_3820,Kolkata,2021-05-17,4729,2021,May
CUST03821,Customer_3821,Hyderabad,2023-08-27,939,2023,August
CUST03822,Customer_3822,Mumbai,2021-03-10,3532,2021,March
CUST03823,Customer_3823,Ahmedabad,2022-12-27,4957,2022,December
CUST03824,Customer_3824,Chennai,2023-03-11,1264,2023,March
CUST03825,Customer_3825,Delhi,2021-05-26,4373,2021,May
CUST03826,Customer_3826,Ahmedabad,2023-03-26,2035,2023,March
CUST03827,Customer_3827,Delhi,2023-09-19,3065,2023,September
CUST03828,Customer_3828,Mumbai,2020-12-09,2061,2020,December
CUST03829,Customer_3829,Mumbai,2020-01-31,4567,2020,January
CUST03830,Customer_3830,Mumbai,2023-04-20,3077,2023,April
CUST03831,Customer_3831,Bangalore,2022-11-07,3130,2022,November
CUST03832,Customer_3832,Hyderabad,2020-03-26,114,2020,March
CUST03833,Customer_3833,Mumbai,2020-07-23,3871,2020,July
CUST03834,Customer_3834,Chennai,2021-02-28,308,2021,February
CUST03835,Customer_3835,Ahmedabad,2023-02-04,333,2023,February
CUST03836,Customer_3836,Bangalore,2022-09-08,3797,2022,September
CUST03837,Customer_3837,Mumbai,2021-05-09,631,2021,May
CUST03838,Customer_3838,Pune,2022-06-30,648,2022,June
CUST03839,Customer_3839,Bangalore,2023-04-04,4261,2023,April
CUST03840,Customer_3840,Mumbai,2023-06-21,4969,2023,June
CUST03841,Customer_3841,Hyderabad,2022-08-19,2431,2022,August
CUST03842,Customer_3842,Mumbai,2022-06-09,1173,2022,June
CUST03843,Customer_3843,Pune,2022-06-20,1735,2022,June
CUST03844,Customer_3844,Mumbai,2021-04-01,2074,2021,April
CUST03845,Customer_3845,Ahmedabad,2020-09-07,4608,2020,September
CUST03846,Customer_3846,Hyderabad,2020-02-04,2463,2020,February
CUST03847,Customer_3847,Pune,2020-07-06,3370,2020,July
CUST03848,Customer_3848,Bangalore,2023-09-16,188,2023,September
CUST03849,Customer_3849,Pune,2023-10-29,1663,2023,October
CUST03850,Customer_3850,Chennai,2023-09-29,4565,2023,September
CUST03851,Customer_3851,Mumbai,2020-01-29,3893,2020,January
CUST03852,Customer_3852,Pune,2021-11-05,3759,2021,November
CUST03853,Customer_3853,Kolkata,2021-08-01,682,2021,August
CUST03854,Customer_3854,Bangalore,2023-04-14,1730,2023,April
CUST03855,Customer_3855,Bangalore,2021-07-17,4346,2021,July
CUST03856,Customer_3856,Kolkata,2022-12-10,1273,2022,December
CUST03857,Customer_3857,Ahmedabad,2023-10-08,4029,2023,October
CUST03858,Customer_3858,Mumbai,2022-07-29,3936,2022,July
CUST03859,Customer_3859,Hyderabad,2023-05-17,3690,2023,May
CUST03860,Customer_3860,Kolkata,2021-11-30,2965,2021,November
CUST03861,Customer_3861,Kolkata,2023-03-05,3774,2023,March
CUST03862,Customer_3862,Pune,2022-06-27,310,2022,June
CUST03863,Customer_3863,Pune,2022-07-13,1760,2022,July
CUST03864,Customer_3864,Hyderabad,2020-01-31,812,2020,January
CUST03865,Customer_3865,Pune,2022-03-06,2260,2022,March
CUST03866,Customer_3866,Chennai,2022-05-16,2059,2022,May
CUST03867,Customer_3867,Bangalore,2022-05-20,3829,2022,May
CUST03868,Customer_3868,Mumbai,2020-07-02,654,2020,July
CUST03869,Customer_3869,Kolkata,2023-05-01,984,2023,May
CUST03870,Customer_3870,Bangalore,2023-06-08,3619,2023,June
CUST03871,Customer_3871,Mumbai,2023-06-01,4668,2023,June
CUST03872,Customer_3872,Bangalore,2021-03-18,3032,2021,March
CUST03873,Customer_3873,Delhi,2022-07-02,2280,2022,July
CUST03874,Customer_3874,Mumbai,2021-05-11,4140,2021,May
CUST03875,Customer_3875,Mumbai,2020-02-05,2266,2020,February
CUST03876,Customer_3876,Ahmedabad,2023-06-10,4201,2023,June
CUST03877,Customer_3877,Bangalore,2021-09-02,4576,2021,September
CUST03878,Customer_3878,Delhi,2021-05-07,3174,2021,May
CUST03879,Customer_3879,Mumbai,2021-07-25,2439,2021,July
CUST03880,Customer_3880,Ahmedabad,2023-12-01,3235,2023,December
CUST03881,Customer_3881,Ahmedabad,2022-04-15,1447,2022,April
CUST03882,Customer_3882,Delhi,2021-11-05,303,2021,November
CUST03883,Customer_3883,Pune,2021-03-17,4082,2021,March
CUST03884,Customer_3884,Ahmedabad,2022-09-16,1335,2022,September
CUST03885,Customer_3885,Mumbai,2021-11-21,3986,2021,November
CUST03886,Customer_3886,Hyderabad,2021-11-13,4303,2021,November
CUST03887,Customer_3887,Pune,2022-05-13,953,2022,May
CUST03888,Customer_3888,Ahmedabad,2022-01-22,1628,2022,January
CUST03889,Customer_3889,Hyderabad,2021-01-25,181,2021,January
CUST03890,Customer_3890,Delhi,2023-09-14,731,2023,September
CUST03891,Customer_3891,Kolkata,2023-07-16,3948,2023,July
CUST03892,Customer_3892,Pune,2020-11-12,3713,2020,November
CUST03893,Customer_3893,Hyderabad,2022-02-09,4739,2022,February
CUST03894,Customer_3894,Chennai,2022-12-11,2813,2022,December
CUST03895,Customer_3895,Mumbai,2021-02-28,4068,2021,February
CUST03896,Customer_3896,Hyderabad,2021-07-24,1856,2021,July
CUST03897,Customer_3897,Delhi,2020-02-03,200,2020,February
CUST03898,Customer_3898,Mumbai,2023-10-06,3715,2023,October
CUST03899,Customer_3899,Ahmedabad,2022-03-01,2360,2022,March
CUST03900,Customer_3900,Bangalore,2023-07-07,3526,2023,July
CUST03901,Customer_3901,Delhi,2020-06-10,3764,2020,June
CUST03902,Customer_3902,Ahmedabad,2021-10-10,3463,2021,October
CUST03903,Customer_3903,Ahmedabad,2023-11-04,3677,2023,November
CUST03904,Customer_3904,Hyderabad,2022-08-27,1204,2022,August
CUST03905,Customer_3905,Bangalore,2022-07-07,44,2022,July
CUST03906,Customer_3906,Delhi,2022-05-26,1842,2022,May
CUST03907,Customer_3907,Chennai,2020-04-11,4438,2020,April
CUST03908,Customer_3908,Ahmedabad,2021-12-22,2332,2021,December
CUST03909,Customer_3909,Hyderabad,2023-02-25,4161,2023,February
CUST03910,Customer_3910,Ahmedabad,2023-11-24,648,2023,November
CUST03911,Customer_3911,Ahmedabad,2020-10-29,2089,2020,October
CUST03912,Customer_3912,Mumbai,2020-06-15,4068,2020,June
CUST03913,Customer_3913,Ahmedabad,2020-02-03,602,2020,February
CUST03914,Customer_3914,Ahmedabad,2020-03-24,1977,2020,March
CUST03915,Customer_3915,Kolkata,2020-01-10,2479,2020,January
CUST03916,Customer_3916,Delhi,2022-04-15,2352,2022,April
CUST03917,Customer_3917,Delhi,2023-04-16,2032,2023,April
CUST03918,Customer_3918,Kolkata,2024-01-05,3983,2024,January
CUST03919,Customer_3919,Mumbai,2023-07-15,555,2023,July
CUST03920,Customer_3920,Mumbai,2020-07-10,4353,2020,July
CUST03921,Customer_3921,Kolkata,2020-04-26,4405,2020,April
CUST03922,Customer_3922,Mumbai,2023-08-28,4069,2023,August
CUST03923,Customer_3923,Kolkata,2023-12-15,753,2023,December
CUST03924,Customer_3924,Bangalore,2022-09-25,977,2022,September
CUST03925,Customer_3925,Pune,2021-03-31,967,2021,March
CUST03926,Customer_3926,Ahmedabad,2020-01-31,2012,2020,January
CUST03927,Customer_3927,Kolkata,2023-06-11,3778,2023,June
CUST03928,Customer_3928,Delhi,2021-05-07,3823,2021,May
CUST03929,Customer_3929,Chennai,2022-06-13,3584,2022,June
CUST03930,Customer_3930,Bangalore,2022-01-28,381,2022,January
CUST03931,Customer_3931,Bangalore,2022-09-28,1893,2022,September
CUST03932,Customer_3932,Kolkata,2020-05-06,2240,2020,May
CUST03933,Customer_3933,Chennai,2020-09-08,1426,2020,September
CUST03934,Customer_3934,Pune,2022-09-12,1051,2022,September
CUST03935,Customer_3935,Mumbai,2021-05-16,997,2021,May
CUST03936,Customer_3936,Mumbai,2023-11-14,4407,2023,November
CUST03937,Customer_3937,Pune,2020-07-30,4494,2020,July
CUST03938,Customer_3938,Pune,2021-08-22,1795,2021,August
CUST03939,Customer_3939,Chennai,2023-05-07,2944,2023,May
CUST03940,Customer_3940,Kolkata,2023-09-07,546,2023,September
CUST03941,Customer_3941,Chennai,2021-09-13,144,2021,September
CUST03942,Customer_3942,Chennai,2020-04-27,3307,2020,April
CUST03943,Customer_3943,Chennai,2023-08-31,1083,2023,August
CUST03944,Customer_3944,Chennai,2022-12-21,1316,2022,December
CUST03945,Customer_3945,Hyderabad,2021-05-01,201,2021,May
CUST03946,Customer_3946,Bangalore,2023-05-01,2205,2023,May
CUST03947,Customer_3947,Ahmedabad,2022-06-22,4899,2022,June
CUST03948,Customer_3948,Bangalore,2022-09-30,3601,2022,September
CUST03949,Customer_3949,Bangalore,2024-01-26,895,2024,January
CUST03950,Customer_3950,Mumbai,2021-12-05,832,2021,December
CUST03951,Customer_3951,Delhi,2022-04-05,1994,2022,April
CUST03952,Customer_3952,Kolkata,2023-05-20,3786,2023,May
CUST03953,Customer_3953,Pune,2021-06-30,4910,2021,June
CUST03954,Customer_3954,Delhi,2023-05-12,1017,2023,May
CUST03955,Customer_3955,Delhi,2023-06-26,1455,2023,June
CUST03956,Customer_3956,Chennai,2021-08-09,838,2021,August
CUST03957,Customer_3957,Chennai,2021-05-07,3645,2021,May
CUST03958,Customer_3958,Delhi,2022-08-15,3237,2022,August
CUST03959,Customer_3959,Delhi,2020-07-09,1936,2020,July
CUST03960,Customer_3960,Chennai,2021-01-15,1385,2021,January
CUST03961,Customer_3961,Ahmedabad,2022-09-30,4430,2022,September
CUST03962,Customer_3962,Hyderabad,2020-08-22,248,2020,August
CUST03963,Customer_3963,Mumbai,2020-03-17,778,2020,March
CUST03964,Customer_3964,Hyderabad,2023-11-23,4930,2023,November
CUST03965,Customer_3965,Chennai,2020-03-08,2203,2020,March
CUST03966,Customer_3966,Pune,2021-02-05,2917,2021,February
CUST03967,Customer_3967,Kolkata,2020-11-13,3336,2020,November
CUST03968,Customer_3968,Bangalore,2022-04-23,3076,2022,April
CUST03969,Customer_3969,Hyderabad,2022-10-31,1966,2022,October
CUST03970,Customer_3970,Bangalore,2021-07-16,379,2021,July
CUST03971,Customer_3971,Pune,2022-03-20,2743,2022,March
CUST03972,Customer_3972,Mumbai,2021-07-12,4307,2021,July
CUST03973,Customer_3973,Chennai,2021-03-11,4768,2021,March
CUST03974,Customer_3974,Hyderabad,2023-06-21,4851,2023,June
CUST03975,Customer_3975,Delhi,2020-08-08,2095,2020,August
CUST03976,Customer_3976,Kolkata,2022-08-12,2821,2022,August
CUST03977,Customer_3977,Bangalore,2024-02-07,360,2024,February
CUST03978,Customer_3978,Ahmedabad,2023-10-20,2771,2023,October
CUST03979,Customer_3979,Pune,2020-07-07,4749,2020,July
CUST03980,Customer_3980,Delhi,2023-05-04,2232,2023,May
CUST03981,Customer_3981,Mumbai,2020-07-12,1738,2020,July
CUST03982,Customer_3982,Chennai,2020-08-19,4805,2020,August
CUST03983,Customer_3983,Bangalore,2021-03-15,4625,2021,March
CUST03984,Customer_3984,Pune,2021-05-29,2983,2021,May
CUST03985,Customer_3985,Ahmedabad,2022-08-20,4528,2022,August
CUST03986,Customer_3986,Chennai,2020-03-14,1322,2020,March
CUST03987,Customer_3987,Bangalore,2020-09-02,736,2020,September
CUST03988,Customer_3988,Chennai,2020-03-01,3496,2020,March
CUST03989,Customer_3989,Ahmedabad,2021-03-08,4175,2021,March
CUST03990,Customer_3990,Bangalore,2021-11-24,2481,2021,November
CUST03991,Customer_3991,Mumbai,2023-06-19,3708,2023,June
CUST03992,Customer_3992,Delhi,2022-01-08,2203,2022,January
CUST03993,Customer_3993,Kolkata,2023-04-29,2422,2023,April
CUST03994,Customer_3994,Bangalore,2020-05-12,2863,2020,May
CUST03995,Customer_3995,Mumbai,2023-03-22,4502,2023,March
CUST03996,Customer_3996,Pune,2021-08-19,3098,2021,August
CUST03997,Customer_3997,Pune,2020-11-09,102,2020,November
CUST03998,Customer_3998,Ahmedabad,2020-03-16,3128,2020,March
CUST03999,Customer_3999,Bangalore,2022-12-07,1004,2022,December
CUST04000,Customer_4000,Ahmedabad,2023-08-25,3396,2023,August
CUST04001,Customer_4001,Delhi,2020-05-04,0,2020,May
CUST04002,Customer_4002,Kolkata,2021-11-27,736,2021,November
CUST04003,Customer_4003,Mumbai,2020-10-03,1556,2020,October
CUST04004,Customer_4004,Mumbai,2023-02-18,4670,2023,February
CUST04005,Customer_4005,Ahmedabad,2020-11-21,1925,2020,November
CUST04006,Customer_4006,Pune,2022-02-10,1545,2022,February
CUST04007,Customer_4007,Delhi,2023-07-25,3636,2023,July
CUST04008,Customer_4008,Pune,2022-06-10,2660,2022,June
CUST04009,Customer_4009,Mumbai,2023-04-03,4318,2023,April
CUST04010,Customer_4010,Pune,2023-04-30,3465,2023,April
CUST04011,Customer_4011,Pune,2021-08-29,450,2021,August
CUST04012,Customer_4012,Pune,2023-10-10,2349,2023,October
CUST04013,Customer_4013,Ahmedabad,2020-01-21,2791,2020,January
CUST04014,Customer_4014,Hyderabad,2021-06-11,254,2021,June
CUST04015,Customer_4015,Chennai,2020-09-01,2492,2020,September
CUST04016,Customer_4016,Pune,2020-12-21,3255,2020,December
CUST04017,Customer_4017,Bangalore,2020-10-04,1082,2020,October
CUST04018,Customer_4018,Kolkata,2023-10-20,3100,2023,October
CUST04019,Customer_4019,Ahmedabad,2021-07-17,4126,2021,July
CUST04020,Customer_4020,Delhi,2020-12-05,658,2020,December
CUST04021,Customer_4021,Mumbai,2020-01-01,4869,2020,January
CUST04022,Customer_4022,Kolkata,2020-03-09,1239,2020,March
CUST04023,Customer_4023,Chennai,2020-09-23,2781,2020,September
CUST04024,Customer_4024,Delhi,2021-04-11,1225,2021,April
CUST04025,Customer_4025,Ahmedabad,2021-07-22,1172,2021,July
CUST04026,Customer_4026,Pune,2020-09-13,1052,2020,September
CUST04027,Customer_4027,Kolkata,2020-07-08,3400,2020,July
CUST04028,Customer_4028,Kolkata,2023-03-23,4636,2023,March
CUST04029,Customer_4029,Delhi,2022-08-15,1585,2022,August
CUST04030,Customer_4030,Kolkata,2023-08-16,4526,2023,August
CUST04031,Customer_4031,Hyderabad,2022-01-21,1171,2022,January
CUST04032,Customer_4032,Kolkata,2021-06-27,1343,2021,June
CUST04033,Customer_4033,Delhi,2022-03-06,3692,2022,March
CUST04034,Customer_4034,Ahmedabad,2021-09-07,1939,2021,September
CUST04035,Customer_4035,Delhi,2021-07-09,2173,2021,July
CUST04036,Customer_4036,Kolkata,2020-06-18,1274,2020,June
CUST04037,Customer_4037,Delhi,2020-12-18,658,2020,December
CUST04038,Customer_4038,Chennai,2022-04-29,2677,2022,April
CUST04039,Customer_4039,Kolkata,2023-09-13,1179,2023,September
CUST04040,Customer_4040,Pune,2020-05-09,2052,2020,May
CUST04041,Customer_4041,Ahmedabad,2022-07-25,101,2022,July
CUST04042,Customer_4042,Pune,2021-07-30,3687,2021,July
CUST04043,Customer_4043,Mumbai,2021-03-05,640,2021,March
CUST04044,Customer_4044,Ahmedabad,2022-12-28,4181,2022,December
CUST04045,Customer_4045,Bangalore,2023-05-23,35,2023,May
CUST04046,Customer_4046,Delhi,2021-04-30,2627,2021,April
CUST04047,Customer_4047,Pune,2021-08-24,822,2021,August
CUST04048,Customer_4048,Kolkata,2022-07-28,1764,2022,July
CUST04049,Customer_4049,Kolkata,2023-01-07,4507,2023,January
CUST04050,Customer_4050,Delhi,2020-02-16,2762,2020,February
CUST04051,Customer_4051,Ahmedabad,2020-04-06,725,2020,April
CUST04052,Customer_4052,Pune,2020-01-23,2368,2020,January
CUST04053,Customer_4053,Chennai,2022-01-06,377,2022,January
CUST04054,Customer_4054,Mumbai,2023-04-12,1712,2023,April
CUST04055,Customer_4055,Bangalore,2024-02-07,4893,2024,February
CUST04056,Customer_4056,Bangalore,2023-03-31,1,2023,March
CUST04057,Customer_4057,Bangalore,2023-06-26,166,2023,June
CUST04058,Customer_4058,Kolkata,2023-05-15,3708,2023,May
CUST04059,Customer_4059,Mumbai,2020-05-12,3836,2020,May
CUST04060,Customer_4060,Mumbai,2021-08-17,4528,2021,August
CUST04061,Customer_4061,Chennai,2020-02-16,439,2020,February
CUST04062,Customer_4062,Kolkata,2021-09-25,4208,2021,September
CUST04063,Customer_4063,Bangalore,2021-01-27,902,2021,January
CUST04064,Customer_4064,Bangalore,2022-04-28,4740,2022,April
CUST04065,Customer_4065,Pune,2020-08-18,4105,2020,August
CUST04066,Customer_4066,Pune,2023-02-01,2699,2023,February
CUST04067,Customer_4067,Bangalore,2023-07-25,1335,2023,July
CUST04068,Customer_4068,Chennai,2020-05-22,2783,2020,May
CUST04069,Customer_4069,Ahmedabad,2022-08-27,955,2022,August
CUST04070,Customer_4070,Pune,2022-02-20,2356,2022,February
CUST04071,Customer_4071,Bangalore,2022-02-17,4410,2022,February
CUST04072,Customer_4072,Kolkata,2021-03-10,1974,2021,March
CUST04073,Customer_4073,Chennai,2022-03-26,3538,2022,March
CUST04074,Customer_4074,Mumbai,2020-01-07,2625,2020,January
CUST04075,Customer_4075,Pune,2023-07-06,186,2023,July
CUST04076,Customer_4076,Pune,2022-06-19,38,2022,June
CUST04077,Customer_4077,Pune,2022-12-20,1378,2022,December
CUST04078,Customer_4078,Mumbai,2021-01-24,78,2021,January
CUST04079,Customer_4079,Kolkata,2023-08-01,702,2023,August
CUST04080,Customer_4080,Ahmedabad,2023-01-11,324,2023,January
CUST04081,Customer_4081,Hyderabad,2021-01-12,590,2021,January
CUST04082,Customer_4082,Pune,2021-04-23,1100,2021,April
CUST04083,Customer_4083,Hyderabad,2022-09-20,90,2022,September
CUST04084,Customer_4084,Hyderabad,2023-03-18,3344,2023,March
CUST04085,Customer_4085,Chennai,2023-06-17,278,2023,June
CUST04086,Customer_4086,Chennai,2022-10-09,877,2022,October
CUST04087,Customer_4087,Chennai,2023-07-25,2109,2023,July
CUST04088,Customer_4088,Mumbai,2023-04-23,3386,2023,April
CUST04089,Customer_4089,Chennai,2020-07-14,3300,2020,July
CUST04090,Customer_4090,Chennai,2022-04-16,1092,2022,April
CUST04091,Customer_4091,Mumbai,2023-01-28,2964,2023,January
CUST04092,Customer_4092,Pune,2022-09-17,4319,2022,September
CUST04093,Customer_4093,Kolkata,2023-12-13,3293,2023,December
CUST04094,Customer_4094,Kolkata,2020-04-11,4569,2020,April
CUST04095,Customer_4095,Pune,2022-01-08,4624,2022,January
CUST04096,Customer_4096,Kolkata,2020-04-12,1869,2020,April
CUST04097,Customer_4097,Delhi,2020-02-16,1081,2020,February
CUST04098,Customer_4098,Mumbai,2023-04-21,3305,2023,April
CUST04099,Customer_4099,Kolkata,2022-07-09,3152,2022,July
CUST04100,Customer_4100,Ahmedabad,2023-01-29,3049,2023,January
CUST04101,Customer_4101,Chennai,2022-09-19,4036,2022,September
CUST04102,Customer_4102,Delhi,2022-06-19,1496,2022,June
CUST04103,Customer_4103,Hyderabad,2023-01-10,4314,2023,January
CUST04104,Customer_4104,Pune,2022-12-31,974,2022,December
CUST04105,Customer_4105,Mumbai,2020-12-19,3847,2020,December
CUST04106,Customer_4106,Pune,2021-11-28,3796,2021,November
CUST04107,Customer_4107,Hyderabad,2024-01-25,3043,2024,January
CUST04108,Customer_4108,Pune,2020-05-28,4869,2020,May
CUST04109,Customer_4109,Ahmedabad,2020-08-18,1547,2020,August
CUST04110,Customer_4110,Delhi,2021-07-21,752,2021,July
CUST04111,Customer_4111,Mumbai,2022-10-19,4975,2022,October
CUST04112,Customer_4112,Ahmedabad,2023-08-27,3922,2023,August
CUST04113,Customer_4113,Kolkata,2022-10-01,360,2022,October
CUST04114,Customer_4114,Mumbai,2020-09-29,2885,2020,September
CUST04115,Customer_4115,Bangalore,2021-12-27,4869,2021,December
CUST04116,Customer_4116,Kolkata,2022-03-27,3002,2022,March
CUST04117,Customer_4117,Delhi,2020-02-27,434,2020,February
CUST04118,Customer_4118,Hyderabad,2023-04-05,3676,2023,April
CUST04119,Customer_4119,Ahmedabad,2023-04-18,3044,2023,April
CUST04120,Customer_4120,Bangalore,2022-10-26,3146,2022,October
CUST04121,Customer_4121,Bangalore,2022-04-07,3838,2022,April
CUST04122,Customer_4122,Kolkata,2020-11-19,226,2020,November
CUST04123,Customer_4123,Delhi,2023-05-11,4451,2023,May
CUST04124,Customer_4124,Kolkata,2023-08-04,1432,2023,August
CUST04125,Customer_4125,Hyderabad,2022-09-20,2767,2022,September
CUST04126,Customer_4126,Mumbai,2020-03-08,1610,2020,March
CUST04127,Customer_4127,Mumbai,2022-09-20,1038,2022,September
CUST04128,Customer_4128,Ahmedabad,2023-07-14,4522,2023,July
CUST04129,Customer_4129,Chennai,2022-07-20,2757,2022,July
CUST04130,Customer_4130,Delhi,2021-08-31,348,2021,August
CUST04131,Customer_4131,Bangalore,2021-11-01,2093,2021,November
CUST04132,Customer_4132,Kolkata,2023-04-17,1703,2023,April
CUST04133,Customer_4133,Mumbai,2022-11-09,1979,2022,November
CUST04134,Customer_4134,Delhi,2022-03-13,4528,2022,March
CUST04135,Customer_4135,Hyderabad,2022-05-16,660,2022,May
CUST04136,Customer_4136,Kolkata,2021-10-03,3201,2021,October
CUST04137,Customer_4137,Pune,2022-11-19,559,2022,November
CUST04138,Customer_4138,Pune,2023-07-02,4755,2023,July
CUST04139,Customer_4139,Ahmedabad,2020-07-18,619,2020,July
CUST04140,Customer_4140,Delhi,2022-01-17,986,2022,January
CUST04141,Customer_4141,Pune,2020-10-13,4084,2020,October
CUST04142,Customer_4142,Kolkata,2021-08-27,4798,2021,August
CUST04143,Customer_4143,Chennai,2021-11-03,4185,2021,November
CUST04144,Customer_4144,Delhi,2023-05-30,4926,2023,May
CUST04145,Customer_4145,Delhi,2022-02-10,664,2022,February
CUST04146,Customer_4146,Kolkata,2022-09-05,4076,2022,September
CUST04147,Customer_4147,Ahmedabad,2023-05-06,3546,2023,May
CUST04148,Customer_4148,Mumbai,2023-06-29,3593,2023,June
CUST04149,Customer_4149,Mumbai,2020-09-11,1767,2020,September
CUST04150,Customer_4150,Delhi,2023-10-01,240,2023,October
CUST04151,Customer_4151,Hyderabad,2020-02-17,3407,2020,February
CUST04152,Customer_4152,Kolkata,2022-09-26,1147,2022,September
CUST04153,Customer_4153,Bangalore,2022-01-10,1098,2022,January
CUST04154,Customer_4154,Ahmedabad,2020-05-16,4103,2020,May
CUST04155,Customer_4155,Pune,2020-03-12,794,2020,March
CUST04156,Customer_4156,Kolkata,2020-05-27,55,2020,May
CUST04157,Customer_4157,Pune,2023-10-18,3441,2023,October
CUST04158,Customer_4158,Chennai,2023-04-30,2272,2023,April
CUST04159,Customer_4159,Bangalore,2020-02-14,316,2020,February
CUST04160,Customer_4160,Bangalore,2020-01-04,2845,2020,January
CUST04161,Customer_4161,Kolkata,2022-07-19,786,2022,July
CUST04162,Customer_4162,Chennai,2021-06-29,4625,2021,June
CUST04163,Customer_4163,Delhi,2021-06-02,417,2021,June
CUST04164,Customer_4164,Mumbai,2021-09-18,58,2021,September
CUST04165,Customer_4165,Bangalore,2021-11-06,3465,2021,November
CUST04166,Customer_4166,Kolkata,2022-02-22,4948,2022,February
CUST04167,Customer_4167,Chennai,2023-11-03,1237,2023,November
CUST04168,Customer_4168,Hyderabad,2020-02-17,2810,2020,February
CUST04169,Customer_4169,Ahmedabad,2020-07-20,270,2020,July
CUST04170,Customer_4170,Chennai,2022-10-05,48,2022,October
CUST04171,Customer_4171,Hyderabad,2020-08-11,492,2020,August
CUST04172,Customer_4172,Mumbai,2021-04-15,2672,2021,April
CUST04173,Customer_4173,Mumbai,2022-01-12,569,2022,January
CUST04174,Customer_4174,Kolkata,2021-09-03,1451,2021,September
CUST04175,Customer_4175,Pune,2023-06-20,2938,2023,June
CUST04176,Customer_4176,Hyderabad,2022-03-30,3540,2022,March
CUST04177,Customer_4177,Pune,2023-10-25,488,2023,October
CUST04178,Customer_4178,Delhi,2022-03-01,1111,2022,March
CUST04179,Customer_4179,Bangalore,2022-02-06,3750,2022,February
CUST04180,Customer_4180,Pune,2023-08-04,2308,2023,August
CUST04181,Customer_4181,Chennai,2021-12-01,2889,2021,December
CUST04182,Customer_4182,Kolkata,2023-09-03,2411,2023,September
CUST04183,Customer_4183,Chennai,2021-07-04,4838,2021,July
CUST04184,Customer_4184,Pune,2021-07-18,2288,2021,July
CUST04185,Customer_4185,Mumbai,2023-04-13,1929,2023,April
CUST04186,Customer_4186,Delhi,2021-05-16,25,2021,May
CUST04187,Customer_4187,Pune,2020-05-09,4973,2020,May
CUST04188,Customer_4188,Bangalore,2023-11-25,1887,2023,November
CUST04189,Customer_4189,Hyderabad,2021-01-10,2421,2021,January
CUST04190,Customer_4190,Pune,2023-01-07,2248,2023,January
CUST04191,Customer_4191,Hyderabad,2020-03-16,2167,2020,March
CUST04192,Customer_4192,Ahmedabad,2021-05-23,3960,2021,May
CUST04193,Customer_4193,Ahmedabad,2020-06-22,1666,2020,June
CUST04194,Customer_4194,Kolkata,2023-12-08,436,2023,December
CUST04195,Customer_4195,Chennai,2022-03-19,4063,2022,March
CUST04196,Customer_4196,Mumbai,2022-10-01,1441,2022,October
CUST04197,Customer_4197,Kolkata,2021-02-21,3679,2021,February
CUST04198,Customer_4198,Kolkata,2023-01-28,4087,2023,January
CUST04199,Customer_4199,Pune,2021-01-16,4091,2021,January
CUST04200,Customer_4200,Delhi,2020-10-13,3578,2020,October
CUST04201,Customer_4201,Pune,2020-05-08,519,2020,May
CUST04202,Customer_4202,Chennai,2022-12-20,2728,2022,December
CUST04203,Customer_4203,Ahmedabad,2023-11-11,474,2023,November
CUST04204,Customer_4204,Kolkata,2020-09-04,1204,2020,September
CUST04205,Customer_4205,Chennai,2023-06-02,832,2023,June
CUST04206,Customer_4206,Chennai,2020-06-23,3930,2020,June
CUST04207,Customer_4207,Bangalore,2022-10-22,3959,2022,October
CUST04208,Customer_4208,Chennai,2021-05-14,2011,2021,May
CUST04209,Customer_4209,Hyderabad,2023-10-31,2952,2023,October
CUST04210,Customer_4210,Bangalore,2020-03-04,1142,2020,March
CUST04211,Customer_4211,Bangalore,2020-04-05,409,2020,April
CUST04212,Customer_4212,Hyderabad,2020-08-01,582,2020,August
CUST04213,Customer_4213,Ahmedabad,2020-02-16,131,2020,February
CUST04214,Customer_4214,Delhi,2022-07-15,3330,2022,July
CUST04215,Customer_4215,Delhi,2020-08-18,4419,2020,August
CUST04216,Customer_4216,Bangalore,2020-03-09,2072,2020,March
CUST04217,Customer_4217,Delhi,2020-11-15,2423,2020,November
CUST04218,Customer_4218,Bangalore,2021-09-28,3527,2021,September
CUST04219,Customer_4219,Bangalore,2020-12-05,3235,2020,December
CUST04220,Customer_4220,Pune,2023-05-12,4964,2023,May
CUST04221,Customer_4221,Delhi,2023-08-12,2240,2023,August
CUST04222,Customer_4222,Mumbai,2022-03-16,662,2022,March
CUST04223,Customer_4223,Bangalore,2020-05-20,2034,2020,May
CUST04224,Customer_4224,Pune,2023-05-13,3540,2023,May
CUST04225,Customer_4225,Mumbai,2021-11-28,699,2021,November
CUST04226,Customer_4226,Ahmedabad,2021-04-08,1985,2021,April
CUST04227,Customer_4227,Chennai,2020-01-03,610,2020,January
CUST04228,Customer_4228,Kolkata,2023-09-11,1927,2023,September
CUST04229,Customer_4229,Mumbai,2022-12-17,4750,2022,December
CUST04230,Customer_4230,Pune,2020-09-17,2380,2020,September
CUST04231,Customer_4231,Bangalore,2023-04-22,3127,2023,April
CUST04232,Customer_4232,Kolkata,2020-03-01,2802,2020,March
CUST04233,Customer_4233,Ahmedabad,2021-06-07,965,2021,June
CUST04234,Customer_4234,Delhi,2022-08-01,4657,2022,August
CUST04235,Customer_4235,Pune,2022-08-31,4599,2022,August
CUST04236,Customer_4236,Mumbai,2020-09-23,1668,2020,September
CUST04237,Customer_4237,Kolkata,2023-12-25,529,2023,December
CUST04238,Customer_4238,Mumbai,2021-03-18,1258,2021,March
CUST04239,Customer_4239,Hyderabad,2020-03-04,2760,2020,March
CUST04240,Customer_4240,Pune,2023-04-27,4082,2023,April
CUST04241,Customer_4241,Ahmedabad,2020-06-24,4798,2020,June
CUST04242,Customer_4242,Pune,2024-02-01,4599,2024,February
CUST04243,Customer_4243,Delhi,2020-03-06,3449,2020,March
CUST04244,Customer_4244,Kolkata,2022-07-28,490,2022,July
CUST04245,Customer_4245,Mumbai,2021-04-20,3404,2021,April
CUST04246,Customer_4246,Ahmedabad,2021-03-21,2318,2021,March
CUST04247,Customer_4247,Delhi,2022-08-22,359,2022,August
CUST04248,Customer_4248,Delhi,2023-03-09,2286,2023,March
CUST04249,Customer_4249,Chennai,2022-08-31,2945,2022,August
CUST04250,Customer_4250,Chennai,2022-01-16,4099,2022,January
CUST04251,Customer_4251,Hyderabad,2021-12-02,1072,2021,December
CUST04252,Customer_4252,Chennai,2022-02-10,4645,2022,February
CUST04253,Customer_4253,Mumbai,2022-08-26,1928,2022,August
CUST04254,Customer_4254,Kolkata,2023-11-18,4582,2023,November
CUST04255,Customer_4255,Kolkata,2022-01-20,2350,2022,January
CUST04256,Customer_4256,Ahmedabad,2020-10-08,2973,2020,October
CUST04257,Customer_4257,Bangalore,2020-12-17,2495,2020,December
CUST04258,Customer_4258,Pune,2021-02-18,4081,2021,February
CUST04259,Customer_4259,Hyderabad,2020-05-16,1978,2020,May
CUST04260,Customer_4260,Delhi,2023-01-28,2168,2023,January
CUST04261,Customer_4261,Mumbai,2023-04-21,2753,2023,April
CUST04262,Customer_4262,Kolkata,2023-10-13,4668,2023,October
CUST04263,Customer_4263,Ahmedabad,2023-10-13,3669,2023,October
CUST04264,Customer_4264,Mumbai,2021-12-05,1066,2021,December
CUST04265,Customer_4265,Kolkata,2023-07-21,2507,2023,July
CUST04266,Customer_4266,Delhi,2023-10-14,2230,2023,October
CUST04267,Customer_4267,Bangalore,2021-03-15,2745,2021,March
CUST04268,Customer_4268,Chennai,2020-12-18,4120,2020,December
CUST04269,Customer_4269,Kolkata,2021-08-27,4638,2021,August
CUST04270,Customer_4270,Pune,2022-07-14,560,2022,July
CUST04271,Customer_4271,Mumbai,2020-05-30,942,2020,May
CUST04272,Customer_4272,Kolkata,2021-10-26,4416,2021,October
CUST04273,Customer_4273,Mumbai,2023-09-11,3041,2023,September
CUST04274,Customer_4274,Delhi,2021-05-23,488,2021,May
CUST04275,Customer_4275,Hyderabad,2022-03-11,144,2022,March
CUST04276,Customer_4276,Chennai,2022-11-11,1249,2022,November
CUST04277,Customer_4277,Hyderabad,2023-01-15,2740,2023,January
CUST04278,Customer_4278,Mumbai,2021-01-08,2144,2021,January
CUST04279,Customer_4279,Delhi,2021-10-12,520,2021,October
CUST04280,Customer_4280,Mumbai,2020-03-21,3600,2020,March
CUST04281,Customer_4281,Kolkata,2020-08-12,3368,2020,August
CUST04282,Customer_4282,Bangalore,2023-10-29,3782,2023,October
CUST04283,Customer_4283,Ahmedabad,2023-05-09,973,2023,May
CUST04284,Customer_4284,Mumbai,2021-03-16,4782,2021,March
CUST04285,Customer_4285,Kolkata,2023-05-15,2514,2023,May
CUST04286,Customer_4286,Delhi,2022-01-25,58,2022,January
CUST04287,Customer_4287,Delhi,2022-05-24,3321,2022,May
CUST04288,Customer_4288,Bangalore,2021-10-13,3909,2021,October
CUST04289,Customer_4289,Chennai,2022-12-06,968,2022,December
CUST04290,Customer_4290,Bangalore,2022-06-07,2290,2022,June
CUST04291,Customer_4291,Chennai,2023-08-29,3502,2023,August
CUST04292,Customer_4292,Hyderabad,2020-01-23,1399,2020,January
CUST04293,Customer_4293,Pune,2023-03-18,334,2023,March
CUST04294,Customer_4294,Bangalore,2023-02-24,3483,2023,February
CUST04295,Customer_4295,Delhi,2020-05-30,955,2020,May
CUST04296,Customer_4296,Chennai,2020-06-06,2140,2020,June
CUST04297,Customer_4297,Hyderabad,2020-08-17,1674,2020,August
CUST04298,Customer_4298,Pune,2023-08-01,3499,2023,August
CUST04299,Customer_4299,Chennai,2020-01-10,1933,2020,January
CUST04300,Customer_4300,Kolkata,2023-09-24,3790,2023,September
CUST04301,Customer_4301,Pune,2020-12-15,4186,2020,December
CUST04302,Customer_4302,Chennai,2021-06-02,2545,2021,June
CUST04303,Customer_4303,Mumbai,2020-01-04,2053,2020,January
CUST04304,Customer_4304,Hyderabad,2021-12-04,261,2021,December
CUST04305,Customer_4305,Ahmedabad,2022-05-24,3204,2022,May
CUST04306,Customer_4306,Kolkata,2020-10-19,4569,2020,October
CUST04307,Customer_4307,Pune,2020-12-06,1578,2020,December
CUST04308,Customer_4308,Delhi,2021-11-23,60,2021,November
CUST04309,Customer_4309,Hyderabad,2024-01-27,4687,2024,January
CUST04310,Customer_4310,Chennai,2023-11-14,1331,2023,November
CUST04311,Customer_4311,Chennai,2023-11-03,236,2023,November
CUST04312,Customer_4312,Mumbai,2020-09-09,1917,2020,September
CUST04313,Customer_4313,Chennai,2022-03-15,4023,2022,March
CUST04314,Customer_4314,Pune,2020-08-21,1073,2020,August
CUST04315,Customer_4315,Hyderabad,2022-01-18,1903,2022,January
CUST04316,Customer_4316,Pune,2022-08-20,4921,2022,August
CUST04317,Customer_4317,Pune,2021-07-22,4850,2021,July
CUST04318,Customer_4318,Kolkata,2023-05-20,1759,2023,May
CUST04319,Customer_4319,Hyderabad,2023-05-23,1299,2023,May
CUST04320,Customer_4320,Hyderabad,2022-04-22,1433,2022,April
CUST04321,Customer_4321,Bangalore,2022-05-03,3448,2022,May
CUST04322,Customer_4322,Kolkata,2021-10-23,3934,2021,October
CUST04323,Customer_4323,Mumbai,2021-11-29,1123,2021,November
CUST04324,Customer_4324,Chennai,2020-06-12,756,2020,June
CUST04325,Customer_4325,Pune,2022-11-03,656,2022,November
CUST04326,Customer_4326,Ahmedabad,2021-09-03,2211,2021,September
CUST04327,Customer_4327,Hyderabad,2021-07-26,3254,2021,July
CUST04328,Customer_4328,Delhi,2022-10-26,4409,2022,October
CUST04329,Customer_4329,Pune,2021-09-27,502,2021,September
CUST04330,Customer_4330,Kolkata,2023-02-27,1377,2023,February
CUST04331,Customer_4331,Bangalore,2023-06-15,2167,2023,June
CUST04332,Customer_4332,Mumbai,2023-04-22,4251,2023,April
CUST04333,Customer_4333,Pune,2023-06-16,3631,2023,June
CUST04334,Customer_4334,Bangalore,2022-06-19,537,2022,June
CUST04335,Customer_4335,Chennai,2023-07-10,3289,2023,July
CUST04336,Customer_4336,Bangalore,2022-02-12,3074,2022,February
CUST04337,Customer_4337,Hyderabad,2023-08-24,3422,2023,August
CUST04338,Customer_4338,Bangalore,2021-07-18,1423,2021,July
CUST04339,Customer_4339,Delhi,2021-11-23,178,2021,November
CUST04340,Customer_4340,Chennai,2023-07-29,4961,2023,July
CUST04341,Customer_4341,Kolkata,2020-08-09,2500,2020,August
CUST04342,Customer_4342,Bangalore,2020-08-15,2678,2020,August
CUST04343,Customer_4343,Kolkata,2021-05-29,291,2021,May
CUST04344,Customer_4344,Kolkata,2020-09-26,872,2020,September
CUST04345,Customer_4345,Hyderabad,2022-07-09,467,2022,July
CUST04346,Customer_4346,Ahmedabad,2023-09-09,3986,2023,September
CUST04347,Customer_4347,Mumbai,2023-10-07,3293,2023,October
CUST04348,Customer_4348,Bangalore,2023-07-11,4846,2023,July
CUST04349,Customer_4349,Bangalore,2023-05-31,2311,2023,May
CUST04350,Customer_4350,Hyderabad,2023-01-05,438,2023,January
CUST04351,Customer_4351,Delhi,2023-03-11,4630,2023,March
CUST04352,Customer_4352,Kolkata,2023-01-27,2232,2023,January
CUST04353,Customer_4353,Ahmedabad,2021-02-09,219,2021,February
CUST04354,Customer_4354,Delhi,2023-07-05,4057,2023,July
CUST04355,Customer_4355,Hyderabad,2023-12-28,100,2023,December
CUST04356,Customer_4356,Delhi,2020-09-20,2153,2020,September
CUST04357,Customer_4357,Kolkata,2021-11-19,4981,2021,November
CUST04358,Customer_4358,Chennai,2022-10-03,2449,2022,October
CUST04359,Customer_4359,Delhi,2023-12-12,4639,2023,December
CUST04360,Customer_4360,Mumbai,2021-05-13,2228,2021,May
CUST04361,Customer_4361,Chennai,2021-07-14,1000,2021,July
CUST04362,Customer_4362,Chennai,2023-06-09,2069,2023,June
CUST04363,Customer_4363,Bangalore,2020-01-03,1966,2020,January
CUST04364,Customer_4364,Hyderabad,2020-02-24,213,2020,February
CUST04365,Customer_4365,Ahmedabad,2023-10-01,1546,2023,October
CUST04366,Customer_4366,Pune,2021-01-08,2697,2021,January
CUST04367,Customer_4367,Chennai,2023-01-09,1747,2023,January
CUST04368,Customer_4368,Ahmedabad,2024-02-08,3269,2024,February
CUST04369,Customer_4369,Pune,2023-11-20,3302,2023,November
CUST04370,Customer_4370,Hyderabad,2021-12-22,2673,2021,December
CUST04371,Customer_4371,Bangalore,2024-01-04,2078,2024,January
CUST04372,Customer_4372,Ahmedabad,2023-07-17,230,2023,July
CUST04373,Customer_4373,Kolkata,2023-01-04,307,2023,January
CUST04374,Customer_4374,Hyderabad,2020-08-04,949,2020,August
CUST04375,Customer_4375,Mumbai,2024-01-31,4122,2024,January
CUST04376,Customer_4376,Pune,2021-09-28,1554,2021,September
CUST04377,Customer_4377,Ahmedabad,2020-10-28,4425,2020,October
CUST04378,Customer_4378,Chennai,2020-09-12,2371,2020,September
CUST04379,Customer_4379,Hyderabad,2021-05-04,1665,2021,May
CUST04380,Customer_4380,Kolkata,2021-01-12,3000,2021,January
CUST04381,Customer_4381,Kolkata,2023-02-15,680,2023,February
CUST04382,Customer_4382,Delhi,2021-07-25,3222,2021,July
CUST04383,Customer_4383,Ahmedabad,2021-04-22,4378,2021,April
CUST04384,Customer_4384,Pune,2022-10-31,4152,2022,October
CUST04385,Customer_4385,Mumbai,2024-02-01,4221,2024,February
CUST04386,Customer_4386,Ahmedabad,2022-10-18,2489,2022,October
CUST04387,Customer_4387,Ahmedabad,2021-05-25,3814,2021,May
CUST04388,Customer_4388,Delhi,2021-12-03,1374,2021,December
CUST04389,Customer_4389,Delhi,2021-06-15,2456,2021,June
CUST04390,Customer_4390,Pune,2021-08-01,2716,2021,August
CUST04391,Customer_4391,Bangalore,2020-08-30,170,2020,August
CUST04392,Customer_4392,Bangalore,2023-01-25,2580,2023,January
CUST04393,Customer_4393,Pune,2022-06-27,859,2022,June
CUST04394,Customer_4394,Mumbai,2023-05-29,2508,2023,May
CUST04395,Customer_4395,Delhi,2020-12-19,4398,2020,December
CUST04396,Customer_4396,Bangalore,2023-10-11,1866,2023,October
CUST04397,Customer_4397,Kolkata,2022-04-03,3882,2022,April
CUST04398,Customer_4398,Pune,2020-10-22,4509,2020,October
CUST04399,Customer_4399,Delhi,2020-10-20,1036,2020,October
CUST04400,Customer_4400,Kolkata,2023-07-07,4745,2023,July
CUST04401,Customer_4401,Delhi,2023-12-28,2775,2023,December
CUST04402,Customer_4402,Delhi,2023-04-02,2341,2023,April
CUST04403,Customer_4403,Chennai,2023-02-25,2537,2023,February
CUST04404,Customer_4404,Ahmedabad,2022-12-09,2541,2022,December
CUST04405,Customer_4405,Pune,2022-09-28,2756,2022,September
CUST04406,Customer_4406,Ahmedabad,2023-08-03,2823,2023,August
CUST04407,Customer_4407,Hyderabad,2021-06-29,2587,2021,June
CUST04408,Customer_4408,Chennai,2021-06-26,14,2021,June
CUST04409,Customer_4409,Ahmedabad,2020-04-21,4985,2020,April
CUST04410,Customer_4410,Ahmedabad,2022-07-04,3111,2022,July
CUST04411,Customer_4411,Hyderabad,2020-06-09,2757,2020,June
CUST04412,Customer_4412,Ahmedabad,2022-06-21,240,2022,June
CUST04413,Customer_4413,Mumbai,2020-08-06,4979,2020,August
CUST04414,Customer_4414,Pune,2022-05-03,2487,2022,May
CUST04415,Customer_4415,Bangalore,2021-07-24,1095,2021,July
CUST04416,Customer_4416,Hyderabad,2022-11-13,4702,2022,November
CUST04417,Customer_4417,Kolkata,2023-12-29,1686,2023,December
CUST04418,Customer_4418,Hyderabad,2023-08-05,4451,2023,August
CUST04419,Customer_4419,Chennai,2020-10-07,2200,2020,October
CUST04420,Customer_4420,Bangalore,2020-09-27,4760,2020,September
CUST04421,Customer_4421,Kolkata,2024-01-31,4783,2024,January
CUST04422,Customer_4422,Kolkata,2023-05-03,3527,2023,May
CUST04423,Customer_4423,Mumbai,2024-01-24,1943,2024,January
CUST04424,Customer_4424,Chennai,2020-09-29,3845,2020,September
CUST04425,Customer_4425,Delhi,2023-12-19,577,2023,December
CUST04426,Customer_4426,Hyderabad,2020-02-18,1079,2020,February
CUST04427,Customer_4427,Bangalore,2022-07-15,1552,2022,July
CUST04428,Customer_4428,Ahmedabad,2022-05-11,4571,2022,May
CUST04429,Customer_4429,Hyderabad,2021-08-29,4991,2021,August
CUST04430,Customer_4430,Bangalore,2023-01-25,284,2023,January
CUST04431,Customer_4431,Delhi,2022-01-21,1782,2022,January
CUST04432,Customer_4432,Chennai,2021-08-27,3087,2021,August
CUST04433,Customer_4433,Chennai,2020-02-27,4403,2020,February
CUST04434,Customer_4434,Ahmedabad,2021-04-21,4515,2021,April
CUST04435,Customer_4435,Kolkata,2023-08-09,2613,2023,August
CUST04436,Customer_4436,Pune,2023-08-20,2130,2023,August
CUST04437,Customer_4437,Ahmedabad,2020-11-30,2103,2020,November
CUST04438,Customer_4438,Kolkata,2021-06-11,2036,2021,June
CUST04439,Customer_4439,Delhi,2022-04-05,882,2022,April
CUST04440,Customer_4440,Delhi,2023-11-05,1075,2023,November
CUST04441,Customer_4441,Delhi,2020-08-04,1953,2020,August
CUST04442,Customer_4442,Chennai,2021-09-25,487,2021,September
CUST04443,Customer_4443,Bangalore,2021-12-29,2491,2021,December
CUST04444,Customer_4444,Delhi,2021-11-28,4312,2021,November
CUST04445,Customer_4445,Kolkata,2020-03-31,4391,2020,March
CUST04446,Customer_4446,Mumbai,2020-03-03,2948,2020,March
CUST04447,Customer_4447,Hyderabad,2022-03-25,2570,2022,March
CUST04448,Customer_4448,Pune,2022-10-18,656,2022,October
CUST04449,Customer_4449,Kolkata,2023-03-28,2087,2023,March
CUST04450,Customer_4450,Hyderabad,2022-07-19,4014,2022,July
CUST04451,Customer_4451,Chennai,2022-12-26,30,2022,December
CUST04452,Customer_4452,Pune,2020-11-25,4785,2020,November
CUST04453,Customer_4453,Delhi,2022-09-12,194,2022,September
CUST04454,Customer_4454,Bangalore,2023-12-31,13,2023,December
CUST04455,Customer_4455,Chennai,2022-11-08,4693,2022,November
CUST04456,Customer_4456,Hyderabad,2020-09-21,1278,2020,September
CUST04457,Customer_4457,Hyderabad,2021-03-30,3284,2021,March
CUST04458,Customer_4458,Hyderabad,2020-12-21,1750,2020,December
CUST04459,Customer_4459,Chennai,2024-01-16,2060,2024,January
CUST04460,Customer_4460,Delhi,2021-05-14,2958,2021,May
CUST04461,Customer_4461,Pune,2022-02-05,4459,2022,February
CUST04462,Customer_4462,Kolkata,2023-03-18,1438,2023,March
CUST04463,Customer_4463,Chennai,2021-06-02,1810,2021,June
CUST04464,Customer_4464,Kolkata,2022-02-07,4593,2022,February
CUST04465,Customer_4465,Kolkata,2020-11-23,597,2020,November
CUST04466,Customer_4466,Pune,2023-08-06,711,2023,August
CUST04467,Customer_4467,Delhi,2022-01-01,2799,2022,January
CUST04468,Customer_4468,Chennai,2021-10-07,4086,2021,October
CUST04469,Customer_4469,Pune,2020-12-19,3837,2020,December
CUST04470,Customer_4470,Mumbai,2023-02-28,3283,2023,February
CUST04471,Customer_4471,Kolkata,2020-09-25,2146,2020,September
CUST04472,Customer_4472,Bangalore,2023-06-18,4833,2023,June
CUST04473,Customer_4473,Bangalore,2022-01-11,2837,2022,January
CUST04474,Customer_4474,Delhi,2022-12-01,3101,2022,December
CUST04475,Customer_4475,Ahmedabad,2023-09-26,719,2023,September
CUST04476,Customer_4476,Chennai,2023-05-29,3931,2023,May
CUST04477,Customer_4477,Hyderabad,2023-03-08,2511,2023,March
CUST04478,Customer_4478,Pune,2022-08-03,1347,2022,August
CUST04479,Customer_4479,Delhi,2021-08-07,4933,2021,August
CUST04480,Customer_4480,Delhi,2021-02-26,165,2021,February
CUST04481,Customer_4481,Bangalore,2021-06-11,214,2021,June
CUST04482,Customer_4482,Delhi,2022-10-10,2577,2022,October
CUST04483,Customer_4483,Bangalore,2023-02-17,4727,2023,February
CUST04484,Customer_4484,Mumbai,2022-02-15,3301,2022,February
CUST04485,Customer_4485,Ahmedabad,2020-10-10,3848,2020,October
CUST04486,Customer_4486,Kolkata,2021-10-18,2722,2021,October
CUST04487,Customer_4487,Hyderabad,2021-05-10,4279,2021,May
CUST04488,Customer_4488,Ahmedabad,2022-12-08,3151,2022,December
CUST04489,Customer_4489,Kolkata,2023-03-21,2691,2023,March
CUST04490,Customer_4490,Pune,2022-09-25,1798,2022,September
CUST04491,Customer_4491,Chennai,2021-04-13,1000,2021,April
CUST04492,Customer_4492,Kolkata,2020-09-29,2900,2020,September
CUST04493,Customer_4493,Ahmedabad,2021-03-02,414,2021,March
CUST04494,Customer_4494,Mumbai,2022-03-26,74,2022,March
CUST04495,Customer_4495,Pune,2020-11-06,4328,2020,November
CUST04496,Customer_4496,Hyderabad,2020-07-05,1702,2020,July
CUST04497,Customer_4497,Ahmedabad,2020-09-12,1698,2020,September
CUST04498,Customer_4498,Kolkata,2020-08-27,4792,2020,August
CUST04499,Customer_4499,Delhi,2021-06-01,976,2021,June
CUST04500,Customer_4500,Mumbai,2022-01-12,275,2022,January
CUST04501,Customer_4501,Delhi,2022-08-19,4205,2022,August
CUST04502,Customer_4502,Kolkata,2020-02-06,849,2020,February
CUST04503,Customer_4503,Chennai,2020-08-20,1058,2020,August
CUST04504,Customer_4504,Kolkata,2020-06-08,2194,2020,June
CUST04505,Customer_4505,Delhi,2022-09-22,3219,2022,September
CUST04506,Customer_4506,Chennai,2023-10-03,829,2023,October
CUST04507,Customer_4507,Ahmedabad,2022-01-08,2938,2022,January
CUST04508,Customer_4508,Delhi,2020-07-07,994,2020,July
CUST04509,Customer_4509,Chennai,2022-05-05,1069,2022,May
CUST04510,Customer_4510,Kolkata,2023-03-08,4408,2023,March
CUST04511,Customer_4511,Hyderabad,2021-04-09,2982,2021,April
CUST04512,Customer_4512,Pune,2022-03-22,4381,2022,March
CUST04513,Customer_4513,Mumbai,2020-01-19,1327,2020,January
CUST04514,Customer_4514,Ahmedabad,2022-11-30,1626,2022,November
CUST04515,Customer_4515,Ahmedabad,2020-05-03,3106,2020,May
CUST04516,Customer_4516,Pune,2021-08-04,3684,2021,August
CUST04517,Customer_4517,Chennai,2020-12-04,1356,2020,December
CUST04518,Customer_4518,Kolkata,2020-12-06,464,2020,December
CUST04519,Customer_4519,Delhi,2022-03-17,4838,2022,March
CUST04520,Customer_4520,Chennai,2020-09-03,724,2020,September
CUST04521,Customer_4521,Ahmedabad,2021-05-16,1665,2021,May
CUST04522,Customer_4522,Ahmedabad,2022-03-21,3708,2022,March
CUST04523,Customer_4523,Hyderabad,2023-06-08,2953,2023,June
CUST04524,Customer_4524,Delhi,2022-04-27,3226,2022,April
CUST04525,Customer_4525,Hyderabad,2020-07-15,1329,2020,July
CUST04526,Customer_4526,Kolkata,2024-01-12,2507,2024,January
CUST04527,Customer_4527,Hyderabad,2023-09-18,756,2023,September
CUST04528,Customer_4528,Kolkata,2022-05-23,4408,2022,May
CUST04529,Customer_4529,Hyderabad,2022-03-14,2245,2022,March
CUST04530,Customer_4530,Chennai,2021-06-11,4314,2021,June
CUST04531,Customer_4531,Pune,2022-08-25,290,2022,August
CUST04532,Customer_4532,Chennai,2023-02-10,2344,2023,February
CUST04533,Customer_4533,Chennai,2021-11-20,1565,2021,November
CUST04534,Customer_4534,Chennai,2023-09-10,2393,2023,September
CUST04535,Customer_4535,Mumbai,2020-11-20,2993,2020,November
CUST04536,Customer_4536,Mumbai,2022-08-28,3098,2022,August
CUST04537,Customer_4537,Mumbai,2022-05-18,999,2022,May
CUST04538,Customer_4538,Chennai,2021-04-26,4538,2021,April
CUST04539,Customer_4539,Hyderabad,2020-02-04,2985,2020,February
CUST04540,Customer_4540,Pune,2020-09-24,2536,2020,September
CUST04541,Customer_4541,Mumbai,2021-04-13,729,2021,April
CUST04542,Customer_4542,Chennai,2024-01-27,1993,2024,January
CUST04543,Customer_4543,Delhi,2023-12-31,1075,2023,December
CUST04544,Customer_4544,Pune,2022-12-11,4383,2022,December
CUST04545,Customer_4545,Hyderabad,2020-12-01,1486,2020,December
CUST04546,Customer_4546,Delhi,2020-10-20,115,2020,October
CUST04547,Customer_4547,Chennai,2023-01-15,4743,2023,January
CUST04548,Customer_4548,Hyderabad,2022-08-28,4460,2022,August
CUST04549,Customer_4549,Mumbai,2022-11-11,3867,2022,November
CUST04550,Customer_4550,Chennai,2020-09-04,2222,2020,September
CUST04551,Customer_4551,Pune,2020-05-25,631,2020,May
CUST04552,Customer_4552,Delhi,2021-01-14,3862,2021,January
CUST04553,Customer_4553,Mumbai,2024-01-23,3159,2024,January
CUST04554,Customer_4554,Chennai,2020-10-22,3969,2020,October
CUST04555,Customer_4555,Kolkata,2023-12-17,755,2023,December
CUST04556,Customer_4556,Ahmedabad,2023-11-23,3350,2023,November
CUST04557,Customer_4557,Mumbai,2023-05-22,618,2023,May
CUST04558,Customer_4558,Ahmedabad,2020-01-18,337,2020,January
CUST04559,Customer_4559,Kolkata,2022-01-18,1573,2022,January
CUST04560,Customer_4560,Mumbai,2023-07-23,215,2023,July
CUST04561,Customer_4561,Ahmedabad,2023-04-24,186,2023,April
CUST04562,Customer_4562,Kolkata,2022-10-28,4711,2022,October
CUST04563,Customer_4563,Delhi,2024-01-23,1940,2024,January
CUST04564,Customer_4564,Kolkata,2020-10-25,1128,2020,October
CUST04565,Customer_4565,Mumbai,2023-11-21,1540,2023,November
CUST04566,Customer_4566,Pune,2020-12-04,1142,2020,December
CUST04567,Customer_4567,Kolkata,2020-11-13,3757,2020,November
CUST04568,Customer_4568,Mumbai,2020-12-30,4062,2020,December
CUST04569,Customer_4569,Ahmedabad,2024-01-21,3342,2024,January
CUST04570,Customer_4570,Delhi,2020-04-18,2330,2020,April
CUST04571,Customer_4571,Kolkata,2023-01-19,2686,2023,January
CUST04572,Customer_4572,Mumbai,2020-02-07,3631,2020,February
CUST04573,Customer_4573,Pune,2023-09-27,3827,2023,September
CUST04574,Customer_4574,Kolkata,2023-02-20,4357,2023,February
CUST04575,Customer_4575,Chennai,2023-02-18,3105,2023,February
CUST04576,Customer_4576,Pune,2023-04-08,2770,2023,April
CUST04577,Customer_4577,Ahmedabad,2022-08-13,1769,2022,August
CUST04578,Customer_4578,Hyderabad,2021-11-23,934,2021,November
CUST04579,Customer_4579,Mumbai,2022-04-15,414,2022,April
CUST04580,Customer_4580,Chennai,2023-11-17,2385,2023,November
CUST04581,Customer_4581,Pune,2020-05-22,2065,2020,May
CUST04582,Customer_4582,Delhi,2020-09-03,1357,2020,September
CUST04583,Customer_4583,Chennai,2021-06-12,766,2021,June
CUST04584,Customer_4584,Kolkata,2020-09-01,4415,2020,September
CUST04585,Customer_4585,Bangalore,2022-07-05,3333,2022,July
CUST04586,Customer_4586,Mumbai,2020-02-10,4439,2020,February
CUST04587,Customer_4587,Mumbai,2020-09-04,4095,2020,September
CUST04588,Customer_4588,Hyderabad,2021-02-10,2100,2021,February
CUST04589,Customer_4589,Hyderabad,2022-09-08,2562,2022,September
CUST04590,Customer_4590,Ahmedabad,2023-12-08,3730,2023,December
CUST04591,Customer_4591,Bangalore,2023-12-30,4031,2023,December
CUST04592,Customer_4592,Bangalore,2023-02-10,4616,2023,February
CUST04593,Customer_4593,Mumbai,2023-05-06,2561,2023,May
CUST04594,Customer_4594,Kolkata,2021-10-09,3359,2021,October
CUST04595,Customer_4595,Kolkata,2020-12-26,3349,2020,December
CUST04596,Customer_4596,Mumbai,2020-04-28,4713,2020,April
CUST04597,Customer_4597,Chennai,2023-05-16,3804,2023,May
CUST04598,Customer_4598,Bangalore,2020-03-05,1424,2020,March
CUST04599,Customer_4599,Bangalore,2020-12-13,4956,2020,December
CUST04600,Customer_4600,Pune,2022-04-17,3734,2022,April
CUST04601,Customer_4601,Bangalore,2021-02-22,4118,2021,February
CUST04602,Customer_4602,Bangalore,2022-12-28,2731,2022,December
CUST04603,Customer_4603,Delhi,2020-04-14,1426,2020,April
CUST04604,Customer_4604,Bangalore,2020-08-05,2515,2020,August
CUST04605,Customer_4605,Chennai,2021-05-12,2218,2021,May
CUST04606,Customer_4606,Delhi,2021-05-29,2147,2021,May
CUST04607,Customer_4607,Bangalore,2023-03-07,1213,2023,March
CUST04608,Customer_4608,Bangalore,2020-12-03,2780,2020,December
CUST04609,Customer_4609,Hyderabad,2023-07-21,1691,2023,July
CUST04610,Customer_4610,Pune,2020-11-13,2354,2020,November
CUST04611,Customer_4611,Delhi,2022-09-04,2169,2022,September
CUST04612,Customer_4612,Delhi,2021-01-23,2622,2021,January
CUST04613,Customer_4613,Delhi,2023-04-06,4064,2023,April
CUST04614,Customer_4614,Delhi,2022-04-18,3981,2022,April
CUST04615,Customer_4615,Delhi,2020-03-14,4925,2020,March
CUST04616,Customer_4616,Ahmedabad,2021-01-18,3626,2021,January
CUST04617,Customer_4617,Ahmedabad,2021-06-17,428,2021,June
CUST04618,Customer_4618,Bangalore,2023-10-29,2077,2023,October
CUST04619,Customer_4619,Ahmedabad,2023-10-19,490,2023,October
CUST04620,Customer_4620,Pune,2021-10-07,3737,2021,October
CUST04621,Customer_4621,Mumbai,2022-10-29,3450,2022,October
CUST04622,Customer_4622,Mumbai,2020-08-26,4557,2020,August
CUST04623,Customer_4623,Delhi,2020-01-25,3861,2020,January
CUST04624,Customer_4624,Bangalore,2022-08-24,291,2022,August
CUST04625,Customer_4625,Pune,2020-01-16,4143,2020,January
CUST04626,Customer_4626,Bangalore,2020-08-17,726,2020,August
CUST04627,Customer_4627,Kolkata,2021-10-20,3434,2021,October
CUST04628,Customer_4628,Ahmedabad,2022-01-29,3595,2022,January
CUST04629,Customer_4629,Delhi,2020-07-19,4596,2020,July
CUST04630,Customer_4630,Mumbai,2021-09-10,1412,2021,September
CUST04631,Customer_4631,Ahmedabad,2020-09-09,3732,2020,September
CUST04632,Customer_4632,Hyderabad,2021-08-23,3103,2021,August
CUST04633,Customer_4633,Mumbai,2022-08-30,3123,2022,August
CUST04634,Customer_4634,Delhi,2020-02-25,3152,2020,February
CUST04635,Customer_4635,Bangalore,2023-12-24,4647,2023,December
CUST04636,Customer_4636,Hyderabad,2021-03-08,2617,2021,March
CUST04637,Customer_4637,Mumbai,2023-08-16,2015,2023,August
CUST04638,Customer_4638,Hyderabad,2022-01-08,3088,2022,January
CUST04639,Customer_4639,Chennai,2023-08-13,3526,2023,August
CUST04640,Customer_4640,Ahmedabad,2023-06-28,3079,2023,June
CUST04641,Customer_4641,Chennai,2022-12-23,3166,2022,December
CUST04642,Customer_4642,Chennai,2024-01-04,2053,2024,January
CUST04643,Customer_4643,Bangalore,2020-01-04,1723,2020,January
CUST04644,Customer_4644,Delhi,2020-05-24,3734,2020,May
CUST04645,Customer_4645,Hyderabad,2021-12-15,1660,2021,December
CUST04646,Customer_4646,Mumbai,2020-02-18,3710,2020,February
CUST04647,Customer_4647,Chennai,2022-06-09,2901,2022,June
CUST04648,Customer_4648,Mumbai,2021-07-05,3924,2021,July
CUST04649,Customer_4649,Mumbai,2021-03-21,3311,2021,March
CUST04650,Customer_4650,Bangalore,2021-03-12,241,2021,March
CUST04651,Customer_4651,Delhi,2024-02-03,1180,2024,February
CUST04652,Customer_4652,Hyderabad,2023-09-05,4783,2023,September
CUST04653,Customer_4653,Ahmedabad,2023-09-29,1711,2023,September
CUST04654,Customer_4654,Ahmedabad,2023-01-26,4934,2023,January
CUST04655,Customer_4655,Pune,2021-04-13,567,2021,April
CUST04656,Customer_4656,Chennai,2021-03-20,3861,2021,March
CUST04657,Customer_4657,Chennai,2022-12-02,559,2022,December
CUST04658,Customer_4658,Mumbai,2022-07-28,1897,2022,July
CUST04659,Customer_4659,Pune,2022-06-12,928,2022,June
CUST04660,Customer_4660,Kolkata,2020-07-25,3414,2020,July
CUST04661,Customer_4661,Mumbai,2020-07-30,3615,2020,July
CUST04662,Customer_4662,Chennai,2024-01-27,4859,2024,January
CUST04663,Customer_4663,Hyderabad,2023-02-27,1989,2023,February
CUST04664,Customer_4664,Pune,2021-12-20,2604,2021,December
CUST04665,Customer_4665,Mumbai,2020-05-26,1059,2020,May
CUST04666,Customer_4666,Pune,2021-06-09,3316,2021,June
CUST04667,Customer_4667,Bangalore,2024-02-08,2193,2024,February
CUST04668,Customer_4668,Bangalore,2021-07-15,4986,2021,July
CUST04669,Customer_4669,Ahmedabad,2023-06-27,3702,2023,June
CUST04670,Customer_4670,Hyderabad,2022-08-10,1607,2022,August
CUST04671,Customer_4671,Pune,2021-12-07,1113,2021,December
CUST04672,Customer_4672,Hyderabad,2020-11-23,301,2020,November
CUST04673,Customer_4673,Kolkata,2021-07-21,1168,2021,July
CUST04674,Customer_4674,Chennai,2023-12-12,2755,2023,December
CUST04675,Customer_4675,Kolkata,2020-11-13,2460,2020,November
CUST04676,Customer_4676,Hyderabad,2021-09-08,4944,2021,September
CUST04677,Customer_4677,Bangalore,2021-03-06,1615,2021,March
CUST04678,Customer_4678,Kolkata,2022-05-04,4194,2022,May
CUST04679,Customer_4679,Hyderabad,2021-01-17,313,2021,January
CUST04680,Customer_4680,Delhi,2020-04-02,3174,2020,April
CUST04681,Customer_4681,Ahmedabad,2023-02-25,3666,2023,February
CUST04682,Customer_4682,Mumbai,2022-08-02,1858,2022,August
CUST04683,Customer_4683,Chennai,2021-08-10,4774,2021,August
CUST04684,Customer_4684,Chennai,2022-06-15,1648,2022,June
CUST04685,Customer_4685,Chennai,2023-04-10,1164,2023,April
CUST04686,Customer_4686,Ahmedabad,2020-10-24,3264,2020,October
CUST04687,Customer_4687,Hyderabad,2020-02-02,673,2020,February
CUST04688,Customer_4688,Bangalore,2020-04-23,4477,2020,April
CUST04689,Customer_4689,Pune,2020-07-06,4973,2020,July
CUST04690,Customer_4690,Ahmedabad,2023-05-04,4661,2023,May
CUST04691,Customer_4691,Chennai,2023-12-29,270,2023,December
CUST04692,Customer_4692,Kolkata,2020-07-30,2635,2020,July
CUST04693,Customer_4693,Hyderabad,2022-02-15,238,2022,February
CUST04694,Customer_4694,Chennai,2022-11-01,2532,2022,November
CUST04695,Customer_4695,Chennai,2020-02-21,206,2020,February
CUST04696,Customer_4696,Chennai,2020-04-12,1332,2020,April
CUST04697,Customer_4697,Bangalore,2021-09-17,3183,2021,September
CUST04698,Customer_4698,Mumbai,2023-07-19,4213,2023,July
CUST04699,Customer_4699,Mumbai,2022-11-01,1261,2022,November
CUST04700,Customer_4700,Ahmedabad,2021-03-03,4919,2021,March
CUST04701,Customer_4701,Bangalore,2022-11-24,2233,2022,November
CUST04702,Customer_4702,Ahmedabad,2021-01-08,345,2021,January
CUST04703,Customer_4703,Pune,2021-07-29,4377,2021,July
CUST04704,Customer_4704,Chennai,2020-08-28,1885,2020,August
CUST04705,Customer_4705,Bangalore,2023-06-02,72,2023,June
CUST04706,Customer_4706,Kolkata,2020-01-25,1404,2020,January
CUST04707,Customer_4707,Chennai,2022-10-01,3333,2022,October
CUST04708,Customer_4708,Bangalore,2021-03-21,3271,2021,March
CUST04709,Customer_4709,Delhi,2023-05-02,178,2023,May
CUST04710,Customer_4710,Kolkata,2021-10-31,713,2021,October
CUST04711,Customer_4711,Hyderabad,2021-10-19,1446,2021,October
CUST04712,Customer_4712,Delhi,2020-04-06,3567,2020,April
CUST04713,Customer_4713,Chennai,2022-12-04,715,2022,December
CUST04714,Customer_4714,Kolkata,2022-05-16,208,2022,May
CUST04715,Customer_4715,Kolkata,2021-11-09,1174,2021,November
CUST04716,Customer_4716,Ahmedabad,2023-02-12,538,2023,February
CUST04717,Customer_4717,Bangalore,2021-12-11,4580,2021,December
CUST04718,Customer_4718,Mumbai,2022-06-25,2631,2022,June
CUST04719,Customer_4719,Ahmedabad,2020-03-13,2477,2020,March
CUST04720,Customer_4720,Delhi,2020-12-06,1973,2020,December
CUST04721,Customer_4721,Kolkata,2020-09-22,4005,2020,September
CUST04722,Customer_4722,Delhi,2022-08-25,2216,2022,August
CUST04723,Customer_4723,Delhi,2020-04-22,2599,2020,April
CUST04724,Customer_4724,Mumbai,2020-03-26,1665,2020,March
CUST04725,Customer_4725,Bangalore,2023-05-05,4313,2023,May
CUST04726,Customer_4726,Ahmedabad,2021-09-06,176,2021,September
CUST04727,Customer_4727,Delhi,2020-06-03,4040,2020,June
CUST04728,Customer_4728,Hyderabad,2020-02-20,4516,2020,February
CUST04729,Customer_4729,Pune,2022-06-29,4480,2022,June
CUST04730,Customer_4730,Chennai,2022-08-21,2081,2022,August
CUST04731,Customer_4731,Chennai,2022-09-21,3596,2022,September
CUST04732,Customer_4732,Kolkata,2023-11-30,2995,2023,November
CUST04733,Customer_4733,Chennai,2021-12-27,1651,2021,December
CUST04734,Customer_4734,Chennai,2022-12-03,3911,2022,December
CUST04735,Customer_4735,Ahmedabad,2021-04-17,2299,2021,April
CUST04736,Customer_4736,Delhi,2023-06-22,3212,2023,June
CUST04737,Customer_4737,Kolkata,2023-06-19,1472,2023,June
CUST04738,Customer_4738,Bangalore,2023-12-20,1258,2023,December
CUST04739,Customer_4739,Chennai,2024-01-06,4389,2024,January
CUST04740,Customer_4740,Mumbai,2020-02-29,4189,2020,February
CUST04741,Customer_4741,Pune,2022-05-17,4496,2022,May
CUST04742,Customer_4742,Mumbai,2022-10-30,406,2022,October
CUST04743,Customer_4743,Chennai,2022-04-04,4110,2022,April
CUST04744,Customer_4744,Pune,2022-06-24,4055,2022,June
CUST04745,Customer_4745,Mumbai,2023-10-28,2023,2023,October
CUST04746,Customer_4746,Delhi,2022-06-12,3056,2022,June
CUST04747,Customer_4747,Bangalore,2021-12-28,4892,2021,December
CUST04748,Customer_4748,Mumbai,2023-12-07,3834,2023,December
CUST04749,Customer_4749,Mumbai,2021-03-13,3159,2021,March
CUST04750,Customer_4750,Chennai,2020-04-22,3239,2020,April
CUST04751,Customer_4751,Mumbai,2023-08-23,4143,2023,August
CUST04752,Customer_4752,Ahmedabad,2023-11-16,3488,2023,November
CUST04753,Customer_4753,Mumbai,2020-08-31,2008,2020,August
CUST04754,Customer_4754,Delhi,2021-12-20,1339,2021,December
CUST04755,Customer_4755,Pune,2022-09-09,3254,2022,September
CUST04756,Customer_4756,Hyderabad,2021-08-13,2557,2021,August
CUST04757,Customer_4757,Kolkata,2020-08-21,3853,2020,August
CUST04758,Customer_4758,Delhi,2020-08-30,4951,2020,August
CUST04759,Customer_4759,Delhi,2022-02-27,974,2022,February
CUST04760,Customer_4760,Hyderabad,2022-02-09,666,2022,February
CUST04761,Customer_4761,Pune,2020-01-21,982,2020,January
CUST04762,Customer_4762,Kolkata,2021-10-13,3210,2021,October
CUST04763,Customer_4763,Mumbai,2021-05-09,4149,2021,May
CUST04764,Customer_4764,Chennai,2021-12-16,3477,2021,December
CUST04765,Customer_4765,Kolkata,2020-12-02,4737,2020,December
CUST04766,Customer_4766,Ahmedabad,2021-07-06,2741,2021,July
CUST04767,Customer_4767,Bangalore,2021-05-30,2741,2021,May
CUST04768,Customer_4768,Chennai,2022-11-18,2665,2022,November
CUST04769,Customer_4769,Hyderabad,2021-02-22,2686,2021,February
CUST04770,Customer_4770,Hyderabad,2020-02-14,1343,2020,February
CUST04771,Customer_4771,Pune,2022-07-11,1844,2022,July
CUST04772,Customer_4772,Pune,2023-01-26,2296,2023,January
CUST04773,Customer_4773,Kolkata,2020-11-06,3467,2020,November
CUST04774,Customer_4774,Ahmedabad,2020-03-13,525,2020,March
CUST04775,Customer_4775,Chennai,2022-03-16,2933,2022,March
CUST04776,Customer_4776,Ahmedabad,2023-02-28,1174,2023,February
CUST04777,Customer_4777,Ahmedabad,2022-05-11,660,2022,May
CUST04778,Customer_4778,Ahmedabad,2022-09-26,1102,2022,September
CUST04779,Customer_4779,Mumbai,2021-01-22,4897,2021,January
CUST04780,Customer_4780,Hyderabad,2020-12-14,3561,2020,December
CUST04781,Customer_4781,Kolkata,2023-06-26,3774,2023,June
CUST04782,Customer_4782,Mumbai,2023-04-26,2694,2023,April
CUST04783,Customer_4783,Hyderabad,2020-08-30,4065,2020,August
CUST04784,Customer_4784,Delhi,2022-06-22,4338,2022,June
CUST04785,Customer_4785,Chennai,2023-06-12,197,2023,June
CUST04786,Customer_4786,Bangalore,2021-04-11,3313,2021,April
CUST04787,Customer_4787,Pune,2021-09-25,2551,2021,September
CUST04788,Customer_4788,Bangalore,2023-09-10,602,2023,September
CUST04789,Customer_4789,Kolkata,2021-03-14,201,2021,March
CUST04790,Customer_4790,Bangalore,2021-07-06,63,2021,July
CUST04791,Customer_4791,Chennai,2021-08-24,851,2021,August
CUST04792,Customer_4792,Delhi,2021-11-06,1519,2021,November
CUST04793,Customer_4793,Hyderabad,2020-01-08,3298,2020,January
CUST04794,Customer_4794,Kolkata,2020-07-19,3744,2020,July
CUST04795,Customer_4795,Bangalore,2020-03-27,2455,2020,March
CUST04796,Customer_4796,Bangalore,2023-12-19,2937,2023,December
CUST04797,Customer_4797,Mumbai,2020-09-19,173,2020,September
CUST04798,Customer_4798,Ahmedabad,2021-04-27,2844,2021,April
CUST04799,Customer_4799,Ahmedabad,2023-05-17,4567,2023,May
CUST04800,Customer_4800,Delhi,2023-11-17,4516,2023,November
CUST04801,Customer_4801,Chennai,2023-12-28,1207,2023,December
CUST04802,Customer_4802,Bangalore,2023-10-30,2160,2023,October
CUST04803,Customer_4803,Kolkata,2020-11-03,2515,2020,November
CUST04804,Customer_4804,Delhi,2022-08-19,2382,2022,August
CUST04805,Customer_4805,Mumbai,2023-06-25,3168,2023,June
CUST04806,Customer_4806,Ahmedabad,2020-10-16,734,2020,October
CUST04807,Customer_4807,Chennai,2020-05-31,3596,2020,May
CUST04808,Customer_4808,Bangalore,2023-02-05,3574,2023,February
CUST04809,Customer_4809,Ahmedabad,2022-02-19,940,2022,February
CUST04810,Customer_4810,Kolkata,2023-03-04,4552,2023,March
CUST04811,Customer_4811,Ahmedabad,2021-10-09,801,2021,October
CUST04812,Customer_4812,Hyderabad,2020-08-22,1966,2020,August
CUST04813,Customer_4813,Ahmedabad,2021-06-09,586,2021,June
CUST04814,Customer_4814,Ahmedabad,2023-04-10,1209,2023,April
CUST04815,Customer_4815,Bangalore,2022-10-13,711,2022,October
CUST04816,Customer_4816,Hyderabad,2021-02-05,3039,2021,February
CUST04817,Customer_4817,Chennai,2023-03-28,2818,2023,March
CUST04818,Customer_4818,Kolkata,2022-05-10,1815,2022,May
CUST04819,Customer_4819,Kolkata,2020-06-30,3334,2020,June
CUST04820,Customer_4820,Hyderabad,2020-04-01,271,2020,April
CUST04821,Customer_4821,Ahmedabad,2021-12-04,1664,2021,December
CUST04822,Customer_4822,Hyderabad,2021-08-19,2070,2021,August
CUST04823,Customer_4823,Delhi,2023-05-15,3279,2023,May
CUST04824,Customer_4824,Ahmedabad,2021-11-18,3167,2021,November
CUST04825,Customer_4825,Hyderabad,2021-01-27,3026,2021,January
CUST04826,Customer_4826,Ahmedabad,2023-08-01,1786,2023,August
CUST04827,Customer_4827,Hyderabad,2022-05-01,2360,2022,May
CUST04828,Customer_4828,Pune,2022-06-07,46,2022,June
CUST04829,Customer_4829,Kolkata,2022-01-14,3572,2022,January
CUST04830,Customer_4830,Chennai,2024-01-10,837,2024,January
CUST04831,Customer_4831,Delhi,2021-12-23,1294,2021,December
CUST04832,Customer_4832,Hyderabad,2021-05-03,4870,2021,May
CUST04833,Customer_4833,Delhi,2021-08-17,766,2021,August
CUST04834,Customer_4834,Hyderabad,2024-01-05,203,2024,January
CUST04835,Customer_4835,Pune,2023-10-24,3794,2023,October
CUST04836,Customer_4836,Delhi,2022-12-14,4684,2022,December
CUST04837,Customer_4837,Ahmedabad,2020-10-08,3239,2020,October
CUST04838,Customer_4838,Pune,2021-12-07,3374,2021,December
CUST04839,Customer_4839,Delhi,2021-07-11,140,2021,July
CUST04840,Customer_4840,Mumbai,2022-12-21,1615,2022,December
CUST04841,Customer_4841,Kolkata,2022-05-06,2106,2022,May
CUST04842,Customer_4842,Pune,2020-02-16,1716,2020,February
CUST04843,Customer_4843,Hyderabad,2021-12-21,1543,2021,December
CUST04844,Customer_4844,Kolkata,2023-08-24,3369,2023,August
CUST04845,Customer_4845,Pune,2022-08-09,3291,2022,August
CUST04846,Customer_4846,Pune,2022-10-31,1013,2022,October
CUST04847,Customer_4847,Chennai,2020-08-19,3163,2020,August
CUST04848,Customer_4848,Bangalore,2020-12-26,1646,2020,December
CUST04849,Customer_4849,Pune,2020-06-20,4284,2020,June
CUST04850,Customer_4850,Kolkata,2021-03-16,1343,2021,March
CUST04851,Customer_4851,Ahmedabad,2020-12-21,1776,2020,December
CUST04852,Customer_4852,Delhi,2021-12-02,173,2021,December
CUST04853,Customer_4853,Bangalore,2021-07-30,543,2021,July
CUST04854,Customer_4854,Ahmedabad,2021-10-31,1243,2021,October
CUST04855,Customer_4855,Kolkata,2020-02-15,3563,2020,February
CUST04856,Customer_4856,Mumbai,2023-03-08,1606,2023,March
CUST04857,Customer_4857,Kolkata,2023-05-26,2940,2023,May
CUST04858,Customer_4858,Pune,2023-05-07,4275,2023,May
CUST04859,Customer_4859,Mumbai,2020-08-17,2184,2020,August
CUST04860,Customer_4860,Kolkata,2023-02-24,337,2023,February
CUST04861,Customer_4861,Kolkata,2022-05-08,1042,2022,May
CUST04862,Customer_4862,Ahmedabad,2022-10-04,1641,2022,October
CUST04863,Customer_4863,Bangalore,2022-01-24,4034,2022,January
CUST04864,Customer_4864,Kolkata,2022-05-14,3737,2022,May
CUST04865,Customer_4865,Kolkata,2022-10-14,3780,2022,October
CUST04866,Customer_4866,Bangalore,2022-12-26,992,2022,December
CUST04867,Customer_4867,Mumbai,2020-04-14,727,2020,April
CUST04868,Customer_4868,Delhi,2020-08-22,2922,2020,August
CUST04869,Customer_4869,Mumbai,2021-04-07,2414,2021,April
CUST04870,Customer_4870,Hyderabad,2020-04-09,2612,2020,April
CUST04871,Customer_4871,Chennai,2021-01-31,2832,2021,January
CUST04872,Customer_4872,Ahmedabad,2022-02-07,4391,2022,February
CUST04873,Customer_4873,Kolkata,2021-04-10,3186,2021,April
CUST04874,Customer_4874,Pune,2021-11-28,542,2021,November
CUST04875,Customer_4875,Delhi,2023-02-01,347,2023,February
CUST04876,Customer_4876,Hyderabad,2020-01-31,2081,2020,January
CUST04877,Customer_4877,Delhi,2022-04-15,2422,2022,April
CUST04878,Customer_4878,Ahmedabad,2021-01-02,1273,2021,January
CUST04879,Customer_4879,Bangalore,2021-04-11,3253,2021,April
CUST04880,Customer_4880,Hyderabad,2021-08-08,1053,2021,August
CUST04881,Customer_4881,Pune,2021-02-13,2289,2021,February
CUST04882,Customer_4882,Ahmedabad,2023-07-24,1573,2023,July
CUST04883,Customer_4883,Chennai,2020-03-21,3179,2020,March
CUST04884,Customer_4884,Pune,2021-07-18,4304,2021,July
CUST04885,Customer_4885,Kolkata,2023-04-04,2103,2023,April
CUST04886,Customer_4886,Kolkata,2021-12-11,310,2021,December
CUST04887,Customer_4887,Ahmedabad,2021-12-14,2942,2021,December
CUST04888,Customer_4888,Delhi,2022-11-06,4578,2022,November
CUST04889,Customer_4889,Mumbai,2022-05-15,3101,2022,May
CUST04890,Customer_4890,Hyderabad,2023-12-23,1605,2023,December
CUST04891,Customer_4891,Chennai,2022-04-19,3110,2022,April
CUST04892,Customer_4892,Hyderabad,2021-05-23,3750,2021,May
CUST04893,Customer_4893,Delhi,2022-07-20,3534,2022,July
CUST04894,Customer_4894,Chennai,2023-05-04,3843,2023,May
CUST04895,Customer_4895,Bangalore,2020-11-02,1889,2020,November
CUST04896,Customer_4896,Delhi,2021-12-03,3586,2021,December
CUST04897,Customer_4897,Bangalore,2022-11-22,2958,2022,November
CUST04898,Customer_4898,Mumbai,2023-12-18,1939,2023,December
CUST04899,Customer_4899,Chennai,2022-11-21,2725,2022,November
CUST04900,Customer_4900,Chennai,2020-06-01,510,2020,June
CUST04901,Customer_4901,Bangalore,2022-07-28,834,2022,July
CUST04902,Customer_4902,Delhi,2020-07-12,4724,2020,July
CUST04903,Customer_4903,Ahmedabad,2022-07-25,308,2022,July
CUST04904,Customer_4904,Mumbai,2021-10-21,74,2021,October
CUST04905,Customer_4905,Hyderabad,2021-11-09,3634,2021,November
CUST04906,Customer_4906,Ahmedabad,2024-01-21,3424,2024,January
CUST04907,Customer_4907,Ahmedabad,2021-02-19,3347,2021,February
CUST04908,Customer_4908,Hyderabad,2023-12-01,2536,2023,December
CUST04909,Customer_4909,Delhi,2020-09-30,1220,2020,September
CUST04910,Customer_4910,Hyderabad,2021-04-16,3835,2021,April
CUST04911,Customer_4911,Mumbai,2021-01-20,3147,2021,January
CUST04912,Customer_4912,Pune,2020-03-22,1175,2020,March
CUST04913,Customer_4913,Hyderabad,2024-01-24,2767,2024,January
CUST04914,Customer_4914,Delhi,2020-01-25,1628,2020,January
CUST04915,Customer_4915,Kolkata,2020-01-02,2209,2020,January
CUST04916,Customer_4916,Chennai,2020-02-07,1178,2020,February
CUST04917,Customer_4917,Pune,2023-06-12,3087,2023,June
CUST04918,Customer_4918,Pune,2023-02-17,3331,2023,February
CUST04919,Customer_4919,Mumbai,2023-01-30,2058,2023,January
CUST04920,Customer_4920,Mumbai,2022-02-06,974,2022,February
CUST04921,Customer_4921,Ahmedabad,2022-05-25,929,2022,May
CUST04922,Customer_4922,Ahmedabad,2022-07-30,4785,2022,July
CUST04923,Customer_4923,Delhi,2023-02-03,2918,2023,February
CUST04924,Customer_4924,Hyderabad,2023-10-24,3744,2023,October
CUST04925,Customer_4925,Bangalore,2020-06-29,3427,2020,June
CUST04926,Customer_4926,Delhi,2023-08-28,2858,2023,August
CUST04927,Customer_4927,Pune,2023-05-08,4196,2023,May
CUST04928,Customer_4928,Mumbai,2020-06-07,3229,2020,June
CUST04929,Customer_4929,Kolkata,2023-11-09,3005,2023,November
CUST04930,Customer_4930,Kolkata,2020-07-23,3232,2020,July
CUST04931,Customer_4931,Mumbai,2024-01-01,1385,2024,January
CUST04932,Customer_4932,Chennai,2020-03-22,3314,2020,March
CUST04933,Customer_4933,Chennai,2020-02-13,3914,2020,February
CUST04934,Customer_4934,Delhi,2020-11-16,3090,2020,November
CUST04935,Customer_4935,Hyderabad,2023-05-05,3842,2023,May
CUST04936,Customer_4936,Chennai,2021-10-05,785,2021,October
CUST04937,Customer_4937,Hyderabad,2023-09-18,76,2023,September
CUST04938,Customer_4938,Mumbai,2023-10-17,4835,2023,October
CUST04939,Customer_4939,Ahmedabad,2021-11-11,436,2021,November
CUST04940,Customer_4940,Chennai,2021-08-08,1621,2021,August
CUST04941,Customer_4941,Bangalore,2020-04-01,3201,2020,April
CUST04942,Customer_4942,Mumbai,2021-01-21,2421,2021,January
CUST04943,Customer_4943,Delhi,2023-12-10,1973,2023,December
CUST04944,Customer_4944,Pune,2023-03-27,1246,2023,March
CUST04945,Customer_4945,Kolkata,2020-02-16,183,2020,February
CUST04946,Customer_4946,Delhi,2022-06-21,3098,2022,June
CUST04947,Customer_4947,Chennai,2021-04-07,2930,2021,April
CUST04948,Customer_4948,Hyderabad,2020-10-01,3239,2020,October
CUST04949,Customer_4949,Pune,2021-04-06,1789,2021,April
CUST04950,Customer_4950,Bangalore,2020-11-09,1021,2020,November
CUST04951,Customer_4951,Kolkata,2020-11-04,1758,2020,November
CUST04952,Customer_4952,Bangalore,2022-12-28,21,2022,December
CUST04953,Customer_4953,Mumbai,2020-09-25,2301,2020,September
CUST04954,Customer_4954,Delhi,2023-07-10,208,2023,July
CUST04955,Customer_4955,Hyderabad,2021-04-25,3022,2021,April
CUST04956,Customer_4956,Bangalore,2022-08-02,1920,2022,August
CUST04957,Customer_4957,Chennai,2021-06-18,125,2021,June
CUST04958,Customer_4958,Kolkata,2020-05-03,964,2020,May
CUST04959,Customer_4959,Ahmedabad,2020-09-24,4492,2020,September
CUST04960,Customer_4960,Chennai,2021-01-23,4829,2021,January
CUST04961,Customer_4961,Ahmedabad,2020-10-07,1491,2020,October
CUST04962,Customer_4962,Delhi,2024-02-01,4360,2024,February
CUST04963,Customer_4963,Pune,2021-10-27,1033,2021,October
CUST04964,Customer_4964,Mumbai,2022-07-28,34,2022,July
CUST04965,Customer_4965,Mumbai,2023-05-20,3490,2023,May
CUST04966,Customer_4966,Hyderabad,2022-11-07,4578,2022,November
CUST04967,Customer_4967,Ahmedabad,2023-05-22,587,2023,May
CUST04968,Customer_4968,Chennai,2021-04-05,2712,2021,April
CUST04969,Customer_4969,Ahmedabad,2021-06-26,3925,2021,June
CUST04970,Customer_4970,Ahmedabad,2022-07-09,1001,2022,July
CUST04971,Customer_4971,Chennai,2021-12-09,4236,2021,December
CUST04972,Customer_4972,Kolkata,2022-08-28,4610,2022,August
CUST04973,Customer_4973,Bangalore,2022-11-12,3371,2022,November
CUST04974,Customer_4974,Pune,2020-02-03,3524,2020,February
CUST04975,Customer_4975,Bangalore,2023-05-25,1634,2023,May
CUST04976,Customer_4976,Kolkata,2023-12-02,4166,2023,December
CUST04977,Customer_4977,Bangalore,2022-02-01,4797,2022,February
CUST04978,Customer_4978,Kolkata,2022-09-15,1656,2022,September
CUST04979,Customer_4979,Hyderabad,2023-01-19,4337,2023,January
CUST04980,Customer_4980,Hyderabad,2022-04-18,49,2022,April
CUST04981,Customer_4981,Delhi,2022-07-26,4355,2022,July
CUST04982,Customer_4982,Mumbai,2020-04-16,4897,2020,April
CUST04983,Customer_4983,Ahmedabad,2022-02-28,3782,2022,February
CUST04984,Customer_4984,Pune,2020-04-21,1794,2020,April
CUST04985,Customer_4985,Delhi,2023-12-24,4358,2023,December
CUST04986,Customer_4986,Bangalore,2020-01-19,2399,2020,January
CUST04987,Customer_4987,Chennai,2020-11-27,4953,2020,November
CUST04988,Customer_4988,Pune,2021-08-27,120,2021,August
CUST04989,Customer_4989,Pune,2022-02-21,903,2022,February
CUST04990,Customer_4990,Ahmedabad,2022-06-21,1699,2022,June
CUST04991,Customer_4991,Chennai,2020-04-05,3196,2020,April
CUST04992,Customer_4992,Mumbai,2022-06-17,3696,2022,June
CUST04993,Customer_4993,Bangalore,2024-01-29,2894,2024,January
CUST04994,Customer_4994,Hyderabad,2021-07-10,3025,2021,July
CUST04995,Customer_4995,Ahmedabad,2023-12-23,486,2023,December
CUST04996,Customer_4996,Kolkata,2020-08-25,4,2020,August
CUST04997,Customer_4997,Kolkata,2023-01-22,418,2023,January
CUST04998,Customer_4998,Hyderabad,2021-05-11,4689,2021,May
CUST04999,Customer_4999,Delhi,2022-02-02,4290,2022,February
CUST05000,Customer_5000,Mumbai,2022-10-19,1225,2022,October
